Country,Happiness Rank,Happiness Score,Economy,Family,Healthy life expectancy,Freedom to make life choices,Perceptions of corruption,Generosity,Continent,Year
Afghanistan,153,3.575,0.31982,0.30285,0.30335,0.23414,0.09719,0.3651,Asia,2015
Afghanistan,154,3.36,0.38227,0.11037,0.17344,0.1643,0.07112,0.31268,Asia,2016
Afghanistan,141,3.79399991035461,0.401477217674255,0.581543326377869,0.180746778845787,0.106179520487785,0.0611578300595284,0.311870932579041,Asia,2017
Afghanistan,145,3.632,0.332,0.537,0.255,0.085,0.036,0.191,Asia,2018
Afghanistan,154,3.203,0.35,0.517,0.361,0.0,0.025,0.158,Asia,2019
Afghanistan,153,2.57,0.3,0.36,0.27,0.0,0.0,0.14,Asia,2020
Afghanistan,149,2.523,0.37,0.0,0.126,0.0,0.01,0.122,Asia,2021
Afghanistan,146,2.404,0.758,0.0,0.289,0.0,0.005,0.089,Asia,2022
Afghanistan,137,1.859,0.645,0.0,0.087,0.0,0.059,0.093,Asia,2023
Afghanistan,143,1.721,0.628,0.0,0.242,0.0,0.088,0.091,Asia,2024
Albania,95,4.959,0.87867,0.80434,0.81325,0.35733,0.06413,0.14272,Europe,2015
Albania,109,4.655,0.9553,0.50163,0.73007,0.31866,0.05301,0.1684,Europe,2016
Albania,109,4.64400005340576,0.996192753314972,0.803685247898102,0.731159746646881,0.381498634815216,0.0398642159998417,0.201312944293022,Europe,2017
Albania,112,4.586,0.916,0.817,0.79,0.419,0.032,0.149,Europe,2018
Albania,107,4.719,0.947,0.848,0.874,0.383,0.027,0.178,Europe,2019
Albania,105,4.88,0.91,0.83,0.85,0.46,0.03,0.17,Europe,2020
Albania,93,5.117,1.008,0.529,0.646,0.491,0.024,0.168,Europe,2021
Albania,90,5.199,1.439,0.646,0.719,0.511,0.028,0.138,Europe,2022
Albania,83,5.277,1.449,0.951,0.48,0.549,0.037,0.133,Europe,2023
Albania,87,5.304,1.438,0.924,0.638,0.69,0.049,0.138,Europe,2024
Algeria,68,5.605,0.93929,1.07772,0.61766,0.28579,0.17383,0.07822,Africa,2015
Algeria,38,6.355,1.05266,0.83309,0.61804,0.21006,0.16157,0.07044,Africa,2016
Algeria,53,5.87200021743774,1.09186446666718,1.1462174654007,0.617584645748138,0.233335807919502,0.146096110343933,0.0694366469979286,Africa,2017
Algeria,84,5.295,0.979,1.154,0.687,0.077,0.135,0.055,Africa,2018
Algeria,88,5.211,1.002,1.16,0.785,0.086,0.114,0.073,Africa,2019
Algeria,100,5.01,0.94,1.14,0.75,0.08,0.13,0.12,Africa,2020
Algeria,109,4.887,0.946,0.765,0.552,0.119,0.12,0.144,Africa,2021
Algeria,96,5.122,1.363,0.97,0.643,0.146,0.15,0.106,Africa,2022
Algeria,81,5.329,1.353,1.298,0.409,0.252,0.152,0.073,Africa,2023
Algeria,85,5.364,1.324,1.191,0.568,0.247,0.2,0.091,Africa,2024
Argentina,30,6.574,1.05351,1.24823,0.78723,0.44974,0.08484,0.11451,South America,2015
Argentina,26,6.65,1.15137,1.06612,0.69711,0.42284,0.07296,0.10989,South America,2016
Argentina,24,6.59899997711182,1.18529546260834,1.44045114517212,0.695137083530426,0.494519203901291,0.059739887714386,0.109457060694695,South America,2017
Argentina,29,6.388,1.073,1.468,0.744,0.57,0.054,0.062,South America,2018
Argentina,47,6.086,1.092,1.432,0.881,0.471,0.05,0.066,South America,2019
Argentina,55,5.97,1.03,1.37,0.85,0.52,0.06,0.07,South America,2020
Argentina,57,5.929,1.162,0.98,0.646,0.544,0.067,0.069,South America,2021
Argentina,57,5.967,1.592,1.102,0.662,0.555,0.085,0.081,South America,2022
Argentina,52,6.024,1.59,1.388,0.427,0.587,0.082,0.088,South America,2023
Argentina,48,6.188,1.562,1.381,0.585,0.681,0.08,0.087,South America,2024
Armenia,127,4.35,0.76821,0.77711,0.7299,0.19847,0.039,0.07855,Asia,2015
Armenia,121,4.36,0.86086,0.62477,0.64083,0.14037,0.03616,0.07793,Asia,2016
Armenia,121,4.37599992752075,0.900596737861633,1.00748372077942,0.637524425983429,0.198303267359734,0.0266744215041399,0.0834880918264389,Asia,2017
Armenia,129,4.321,0.816,0.99,0.666,0.26,0.028,0.077,Asia,2018
Armenia,116,4.559,0.85,1.055,0.815,0.283,0.064,0.095,Asia,2019
Armenia,116,4.68,0.81,1.03,0.78,0.38,0.1,0.11,Asia,2020
Armenia,86,5.283,0.996,0.758,0.585,0.54,0.198,0.079,Asia,2021
Armenia,82,5.399,1.434,0.82,0.668,0.558,0.21,0.054,Asia,2022
Armenia,79,5.342,1.466,1.134,0.443,0.551,0.16,0.053,Asia,2023
Armenia,82,5.455,1.444,1.154,0.603,0.65,0.173,0.051,Asia,2024
Australia,10,7.284,1.33358,1.30923,0.93156,0.65124,0.35637,0.43562,Oceania,2015
Australia,9,7.313,1.44443,1.10476,0.8512,0.56837,0.32331,0.47407,Oceania,2016
Australia,10,7.28399991989136,1.484414935112,1.51004195213318,0.84388679265976,0.601607382297516,0.301183730363846,0.477699249982834,Oceania,2017
Australia,10,7.272,1.34,1.573,0.91,0.647,0.302,0.361,Oceania,2018
Australia,11,7.228,1.372,1.548,1.036,0.557,0.29,0.332,Oceania,2019
Australia,12,7.22,1.31,1.48,1.02,0.62,0.34,0.32,Oceania,2020
Australia,11,7.183,1.453,1.076,0.801,0.647,0.317,0.291,Oceania,2021
Australia,12,7.162,1.9,1.203,0.772,0.676,0.341,0.258,Oceania,2022
Australia,12,7.095,1.899,1.497,0.532,0.677,0.31,0.242,Oceania,2023
Australia,10,7.057,1.854,1.461,0.692,0.756,0.323,0.225,Oceania,2024
Austria,13,7.2,1.33723,1.29704,0.89042,0.62433,0.18676,0.33088,Europe,2015
Austria,12,7.119,1.45038,1.08383,0.80565,0.54355,0.21348,0.32865,Europe,2016
Austria,13,7.00600004196167,1.48709726333618,1.4599449634552,0.815328419208527,0.567766189575195,0.221060365438461,0.316472321748734,Europe,2017
Austria,12,7.139,1.341,1.504,0.891,0.617,0.224,0.242,Europe,2018
Austria,10,7.246,1.376,1.475,1.016,0.532,0.226,0.244,Europe,2019
Austria,9,7.29,1.32,1.44,1.0,0.6,0.28,0.26,Europe,2020
Austria,10,7.268,1.492,1.062,0.782,0.64,0.292,0.215,Europe,2021
Austria,11,7.163,1.931,1.165,0.774,0.623,0.329,0.193,Europe,2022
Austria,11,7.097,1.927,1.382,0.535,0.63,0.31,0.191,Europe,2023
Austria,14,6.905,1.885,1.336,0.696,0.703,0.305,0.214,Europe,2024
Bahrain,49,5.96,1.32376,1.21624,0.74716,0.45492,0.306,0.17362,Asia,2015
Bahrain,42,6.218,1.44024,0.94397,0.65696,0.47375,0.25772,0.17147,Asia,2016
Bahrain,41,6.08699989318848,1.48841226100922,1.32311046123505,0.653133034706116,0.536746919155121,0.257042169570923,0.172668486833572,Asia,2017
Bahrain,43,6.105,1.338,1.366,0.698,0.594,0.123,0.243,Asia,2018
Bahrain,37,6.199,1.362,1.368,0.871,0.536,0.11,0.255,Asia,2019
Bahrain,40,6.23,1.3,1.32,0.84,0.61,0.13,0.29,Asia,2020
Bahrain,22,6.647,1.409,0.899,0.662,0.661,0.139,0.246,Asia,2021
Bahrain,21,6.647,1.854,1.029,0.625,0.693,0.155,0.199,Asia,2022
Bahrain,42,6.173,1.883,1.269,0.389,0.748,0.138,0.199,Asia,2023
Bahrain,62,5.959,1.883,1.269,0.389,0.748,0.138,0.199,Asia,2024
Bangladesh,109,4.694,0.39753,0.43106,0.60164,0.4082,0.12569,0.21222,Asia,2015
Bangladesh,110,4.643,0.54177,0.24749,0.52989,0.39778,0.12583,0.19132,Asia,2016
Bangladesh,110,4.60799980163574,0.586682975292206,0.735131740570068,0.533241033554077,0.478356659412384,0.123717859387398,0.172255352139473,Asia,2017
Bangladesh,115,4.5,0.532,0.85,0.579,0.58,0.144,0.153,Asia,2018
Bangladesh,125,4.456,0.562,0.928,0.723,0.527,0.143,0.166,Asia,2019
Bangladesh,107,4.83,0.56,0.87,0.69,0.6,0.18,0.18,Asia,2020
Bangladesh,101,5.025,0.635,0.52,0.514,0.603,0.164,0.161,Asia,2021
Bangladesh,94,5.155,1.06,0.614,0.581,0.622,0.187,0.125,Asia,2022
Bangladesh,118,4.282,1.133,0.513,0.355,0.617,0.165,0.139,Asia,2023
Bangladesh,129,3.886,1.122,0.249,0.513,0.775,0.167,0.14,Asia,2024
Belgium,19,6.937,1.30782,1.28566,0.89667,0.5845,0.2254,0.2225,Europe,2015
Belgium,18,6.929,1.42539,1.05249,0.81959,0.51354,0.26248,0.2424,Europe,2016
Belgium,17,6.89099979400635,1.46378076076508,1.46231269836426,0.818091869354248,0.539770722389221,0.251343131065369,0.231503337621689,Europe,2017
Belgium,16,6.927,1.324,1.483,0.894,0.583,0.24,0.188,Europe,2018
Belgium,18,6.923,1.356,1.504,0.986,0.473,0.21,0.16,Europe,2019
Belgium,20,6.86,1.3,1.4,0.96,0.5,0.21,0.15,Europe,2020
Belgium,20,6.834,1.463,0.998,0.747,0.489,0.187,0.088,Europe,2021
Belgium,19,6.805,1.907,1.106,0.764,0.492,0.204,0.049,Europe,2022
Belgium,17,6.859,1.907,1.449,0.528,0.59,0.273,0.137,Europe,2023
Belgium,16,6.894,1.868,1.44,0.69,0.729,0.311,0.17,Europe,2024
Benin,155,3.34,0.28665,0.35386,0.3191,0.4845,0.0801,0.1826,Africa,2015
Benin,153,3.484,0.39499,0.10419,0.21028,0.39747,0.06681,0.2018,Africa,2016
Benin,143,3.65700006484985,0.431085407733917,0.435299843549728,0.209930211305618,0.425962775945663,0.0609290152788162,0.207948461174965,Africa,2017
Benin,136,4.141,0.378,0.372,0.24,0.44,0.067,0.163,Africa,2018
Benin,102,4.883,0.393,0.437,0.397,0.349,0.082,0.175,Africa,2019
Benin,86,5.22,0.37,0.35,0.33,0.41,0.13,0.2,Africa,2020
Benin,99,5.045,0.507,0.058,0.196,0.457,0.178,0.166,Africa,2021
Benin,115,4.623,0.932,0.064,0.335,0.479,0.23,0.127,Africa,2022
Benin,116,4.374,0.924,0.242,0.124,0.481,0.253,0.114,Africa,2023
Benin,116,4.377,0.914,0.128,0.284,0.567,0.252,0.112,Africa,2024
Bolivia,51,5.89,0.68133,0.97841,0.5392,0.57414,0.088,0.20536,South America,2015
Bolivia,59,5.822,0.79422,0.83779,0.4697,0.50961,0.07746,0.21698,South America,2016
Bolivia,58,5.82299995422363,0.833756566047668,1.22761905193329,0.473630249500275,0.558732926845551,0.0604777261614799,0.22556072473526,South America,2017
Bolivia,62,5.752,0.751,1.223,0.508,0.606,0.054,0.141,South America,2018
Bolivia,61,5.779,0.776,1.209,0.706,0.511,0.064,0.137,South America,2019
Bolivia,65,5.75,0.73,1.14,0.66,0.57,0.07,0.14,South America,2020
Bolivia,69,5.716,0.842,0.782,0.486,0.6,0.064,0.138,South America,2021
Bolivia,71,5.6,1.256,0.88,0.555,0.627,0.064,0.112,South America,2022
Bolivia,69,5.684,1.24,1.187,0.329,0.648,0.06,0.103,South America,2023
Bolivia,73,5.784,1.217,1.179,0.488,0.719,0.061,0.1,South America,2024
Bosnia and Herzegovina,96,4.949,0.83223,0.91916,0.79081,0.09245,0.00227,0.24808,Europe,2015
Bosnia and Herzegovina,87,5.163,0.93383,0.64367,0.70766,0.09511,0.0,0.29889,Europe,2016
Bosnia and Herzegovina,90,5.18200016021729,0.982409417629242,1.0693359375,0.705186307430267,0.204403176903725,0.0,0.328867495059967,Europe,2017
Bosnia and Herzegovina,93,5.129,0.915,1.078,0.758,0.28,0.0,0.216,Europe,2018
Bosnia and Herzegovina,78,5.386,0.945,1.212,0.845,0.212,0.006,0.263,Europe,2019
Bosnia and Herzegovina,69,5.67,0.92,1.2,0.81,0.31,0.0,0.26,Europe,2020
Bosnia and Herzegovina,64,5.813,1.032,0.919,0.618,0.395,0.005,0.261,Europe,2021
Bosnia and Herzegovina,67,5.768,1.468,1.068,0.665,0.448,0.006,0.244,Europe,2022
Bosnia and Herzegovina,71,5.633,1.467,1.361,0.429,0.485,0.008,0.247,Europe,2023
Bosnia and Herzegovina,65,5.877,1.465,1.318,0.587,0.621,0.0,0.246,Europe,2024
Botswana,128,4.332,0.99355,1.10464,0.04776,0.49495,0.12474,0.10461,Africa,2015
Botswana,137,3.974,1.09426,0.89186,0.34752,0.44089,0.10769,0.12425,Africa,2016
Botswana,142,3.76600003242493,1.12209415435791,1.22155499458313,0.341755509376526,0.505196332931519,0.0985831990838051,0.0993484482169151,Africa,2017
Botswana,146,3.59,1.017,1.174,0.417,0.557,0.092,0.042,Africa,2018
Botswana,148,3.488,1.041,1.145,0.538,0.455,0.1,0.025,Africa,2019
Botswana,147,3.48,1.0,1.09,0.49,0.51,0.1,0.03,Africa,2020
Botswana,146,3.467,1.099,0.724,0.34,0.539,0.088,0.027,Africa,2021
Botswana,142,3.471,1.503,0.815,0.28,0.571,0.102,0.012,Africa,2022
Botswana,132,3.435,1.471,1.041,0.087,0.48,0.071,0.021,Africa,2023
Botswana,137,3.383,1.445,0.969,0.241,0.567,0.082,0.014,Africa,2024
Brazil,16,6.983,0.98124,1.23287,0.69702,0.49049,0.17521,0.14574,South America,2015
Brazil,17,6.952,1.08754,1.03938,0.61415,0.40425,0.14166,0.15776,South America,2016
Brazil,22,6.63500022888184,1.10735321044922,1.43130600452423,0.616552352905273,0.437453746795654,0.111092761158943,0.16234989464283,South America,2017
Brazil,28,6.419,0.986,1.474,0.675,0.493,0.088,0.11,South America,2018
Brazil,32,6.3,1.004,1.439,0.802,0.39,0.086,0.099,South America,2019
Brazil,32,6.38,0.95,1.36,0.77,0.48,0.11,0.13,South America,2020
Brazil,35,6.33,1.028,0.944,0.571,0.514,0.117,0.142,South America,2021
Brazil,38,6.293,1.462,1.044,0.615,0.546,0.134,0.131,South America,2022
Brazil,49,6.125,1.454,1.25,0.387,0.558,0.137,0.131,South America,2023
Brazil,44,6.272,1.43,1.269,0.548,0.685,0.142,0.13,South America,2024
Bulgaria,134,4.218,1.01216,1.10614,0.76649,0.30587,0.00872,0.11921,Europe,2015
Bulgaria,129,4.217,1.11306,0.92542,0.67806,0.21219,0.00615,0.12793,Europe,2016
Bulgaria,105,4.71400022506714,1.1614590883255,1.43437945842743,0.708217680454254,0.289231717586517,0.0110515309497714,0.113177694380283,Europe,2017
Bulgaria,100,4.933,1.054,1.515,0.712,0.359,0.009,0.064,Europe,2018
Bulgaria,97,5.011,1.092,1.513,0.815,0.311,0.004,0.081,Europe,2019
Bulgaria,96,5.1,1.05,1.46,0.78,0.42,0.0,0.1,Europe,2020
Bulgaria,88,5.266,1.181,1.055,0.583,0.494,0.005,0.125,Europe,2021
Bulgaria,85,5.371,1.625,1.163,0.64,0.563,0.021,0.123,Europe,2022
Bulgaria,77,5.466,1.635,1.457,0.408,0.557,0.013,0.106,Europe,2023
Bulgaria,81,5.463,1.629,1.469,0.567,0.62,0.006,0.083,Europe,2024
Burkina Faso,152,3.587,0.25812,0.85188,0.27125,0.39493,0.12832,0.21747,Africa,2015
Burkina Faso,145,3.739,0.31995,0.63054,0.21297,0.3337,0.12533,0.24353,Africa,2016
Burkina Faso,134,4.03200006484985,0.3502277135849,1.04328000545502,0.215844258666039,0.324367851018906,0.120328105986118,0.250864684581757,Africa,2017
Burkina Faso,121,4.424,0.314,1.097,0.254,0.312,0.128,0.175,Africa,2018
Burkina Faso,115,4.587,0.331,1.056,0.38,0.255,0.113,0.177,Africa,2019
Burkina Faso,112,4.77,0.3,0.93,0.31,0.32,0.13,0.19,Africa,2020
Burkina Faso,113,4.834,0.364,0.472,0.179,0.381,0.122,0.182,Africa,2021
Burkina Faso,113,4.67,0.779,0.565,0.32,0.382,0.126,0.186,Africa,2022
Burkina Faso,104,4.638,0.768,0.814,0.107,0.419,0.113,0.188,Africa,2023
Burkina Faso,110,4.548,0.756,0.685,0.274,0.483,0.179,0.173,Africa,2024
Cambodia,145,3.819,0.46038,0.62736,0.61114,0.66246,0.07247,0.40359,Asia,2015
Cambodia,140,3.907,0.55604,0.5375,0.42494,0.58852,0.08092,0.40339,Asia,2016
Cambodia,129,4.16800022125244,0.601765096187592,1.00623834133148,0.429783403873444,0.633375823497772,0.0681059509515762,0.385922968387604,Asia,2017
Cambodia,120,4.433,0.549,1.088,0.457,0.696,0.065,0.256,Asia,2018
Cambodia,109,4.7,0.574,1.122,0.637,0.609,0.062,0.232,Asia,2019
Cambodia,106,4.85,0.54,1.07,0.59,0.67,0.07,0.23,Asia,2020
Cambodia,114,4.83,0.603,0.68,0.426,0.702,0.061,0.21,Asia,2021
Cambodia,114,4.64,1.019,0.732,0.505,0.74,0.068,0.166,Asia,2022
Cambodia,115,4.393,1.025,1.024,0.283,0.768,0.051,0.176,Asia,2023
Cambodia,119,4.341,1.011,1.019,0.442,0.863,0.071,0.17,Asia,2024
Cameroon,133,4.252,0.4225,0.88767,0.23402,0.49309,0.05786,0.20618,Africa,2015
Cameroon,114,4.513,0.52497,0.62542,0.12698,0.42736,0.06126,0.2268,Africa,2016
Cameroon,107,4.69500017166138,0.564305365085602,0.946018218994141,0.132892116904259,0.430388748645782,0.0513066314160824,0.236298456788063,Africa,2017
Cameroon,99,4.975,0.535,0.891,0.182,0.454,0.043,0.183,Africa,2018
Cameroon,96,5.044,0.549,0.91,0.331,0.381,0.037,0.187,Africa,2019
Cameroon,98,5.08,0.5,0.9,0.27,0.44,0.05,0.2,Africa,2020
Cameroon,91,5.142,0.543,0.556,0.159,0.425,0.058,0.205,Africa,2021
Cameroon,102,5.048,0.968,0.672,0.317,0.397,0.074,0.152,Africa,2022
Cameroon,96,4.973,0.965,0.871,0.118,0.405,0.059,0.144,Africa,2023
Cameroon,104,4.874,0.943,0.856,0.288,0.521,0.06,0.126,Africa,2024
Canada,5,7.427,1.32629,1.32261,0.90563,0.63297,0.32957,0.45811,North America,2015
Canada,6,7.404,1.44015,1.0961,0.8276,0.5737,0.31329,0.44834,North America,2016
Canada,7,7.31599998474121,1.47920441627502,1.48134899139404,0.83455765247345,0.611100912094116,0.287371516227722,0.435539722442627,North America,2017
Canada,7,7.328,1.33,1.532,0.896,0.653,0.291,0.321,North America,2018
Canada,9,7.278,1.365,1.505,1.039,0.584,0.308,0.285,North America,2019
Canada,11,7.23,1.3,1.44,1.02,0.64,0.35,0.28,North America,2020
Canada,14,7.103,1.447,1.044,0.798,0.648,0.335,0.246,North America,2021
Canada,15,7.025,1.886,1.188,0.783,0.659,0.368,0.217,North America,2022
Canada,13,6.961,1.881,1.484,0.541,0.656,0.364,0.218,North America,2023
Canada,15,6.9,1.84,1.459,0.701,0.73,0.368,0.23,North America,2024
Chad,149,3.667,0.34193,0.76062,0.1501,0.23501,0.05269,0.18386,Africa,2015
Chad,144,3.763,0.42214,0.63178,0.03824,0.12807,0.04952,0.18667,Africa,2016
Chad,137,3.93600010871887,0.438012987375259,0.953855872154236,0.0411347150802612,0.16234202682972,0.0535818822681904,0.216113850474358,Africa,2017
Chad,131,4.301,0.358,0.907,0.053,0.189,0.06,0.181,Africa,2018
Chad,132,4.35,0.35,0.766,0.192,0.174,0.078,0.198,Africa,2019
Chad,127,4.42,0.3,0.74,0.11,0.23,0.09,0.21,Africa,2020
Chad,128,4.355,0.255,0.353,0.0,0.24,0.084,0.215,Africa,2021
Chad,130,4.251,0.662,0.506,0.225,0.18,0.077,0.182,Africa,2022
Chad,114,4.397,0.622,0.962,0.043,0.393,0.088,0.255,Africa,2023
Chad,113,4.471,0.603,0.805,0.199,0.411,0.113,0.218,Africa,2024
Chile,27,6.67,1.10715,1.12447,0.85857,0.44132,0.12869,0.33363,South America,2015
Chile,24,6.705,1.2167,0.90587,0.81883,0.37789,0.11451,0.31595,South America,2016
Chile,20,6.65199995040894,1.25278460979462,1.28402495384216,0.819479703903198,0.376895278692245,0.0822879821062088,0.326662421226501,South America,2017
Chile,25,6.476,1.131,1.331,0.808,0.431,0.061,0.197,South America,2018
Chile,26,6.444,1.159,1.369,0.92,0.357,0.056,0.187,South America,2019
Chile,39,6.23,1.1,1.32,0.89,0.42,0.06,0.16,South America,2020
Chile,43,6.172,1.2,0.946,0.678,0.438,0.07,0.159,South America,2021
Chile,44,6.172,1.651,1.08,0.748,0.46,0.069,0.124,South America,2022
Chile,35,6.334,1.645,1.384,0.511,0.546,0.076,0.131,South America,2023
Chile,38,6.36,1.616,1.369,0.673,0.651,0.075,0.117,South America,2024
China,84,5.14,0.89012,0.94675,0.81658,0.51697,0.02781,0.08185,Asia,2015
China,83,5.245,1.0278,0.79381,0.73561,0.44012,0.02745,0.04959,Asia,2016
China,79,5.27299976348877,1.08116579055786,1.16083741188049,0.741415500640869,0.472787708044052,0.0227942746132612,0.0288068410009146,Asia,2017
China,86,5.246,0.989,1.142,0.799,0.597,0.103,0.029,Asia,2018
China,93,5.191,1.029,1.125,0.893,0.521,0.1,0.058,Asia,2019
China,94,5.12,0.99,1.13,0.87,0.6,0.12,0.08,Asia,2020
China,84,5.339,1.061,0.785,0.665,0.636,0.117,0.093,Asia,2021
China,72,5.585,1.508,0.958,0.705,0.656,0.142,0.099,Asia,2022
China,64,5.818,1.51,1.249,0.468,0.666,0.145,0.115,Asia,2023
China,60,5.973,1.497,1.239,0.629,0.704,0.164,0.132,Asia,2024
Colombia,33,6.477,0.91861,1.24018,0.69077,0.53466,0.0512,0.18401,South America,2015
Colombia,31,6.481,1.03032,1.02169,0.59659,0.44735,0.05399,0.15626,South America,2016
Colombia,36,6.35699987411499,1.07062232494354,1.4021829366684,0.595027923583984,0.477487415075302,0.0466687418520451,0.149014472961426,South America,2017
Colombia,37,6.26,0.96,1.439,0.635,0.531,0.039,0.099,South America,2018
Colombia,43,6.125,0.985,1.41,0.841,0.47,0.034,0.099,South America,2019
Colombia,44,6.16,0.93,1.33,0.81,0.53,0.05,0.09,South America,2020
Colombia,52,6.012,1.021,0.866,0.615,0.554,0.063,0.1,South America,2021
Colombia,66,5.781,1.452,0.929,0.72,0.545,0.077,0.087,South America,2022
Colombia,72,5.63,1.455,1.213,0.486,0.562,0.068,0.08,South America,2023
Colombia,78,5.695,1.437,1.241,0.648,0.644,0.059,0.072,South America,2024
Congo,139,3.989,0.67866,0.6629,0.31051,0.41466,0.11686,0.12388,Africa,2015
Congo,127,4.236,0.77109,0.47799,0.28212,0.37938,0.09753,0.12077,Africa,2016
Congo,124,4.29099988937378,0.808964252471924,0.832044363021851,0.28995743393898,0.435025870800018,0.0796181336045265,0.120852127671242,Africa,2017
Congo,114,4.559,0.682,0.811,0.343,0.514,0.077,0.091,Africa,2018
Congo,103,4.812,0.673,0.799,0.508,0.372,0.093,0.105,Africa,2019
Congo,88,5.19,0.63,0.76,0.46,0.39,0.12,0.12,Africa,2020
Congo,83,5.342,0.518,0.392,0.307,0.381,0.124,0.144,Africa,2021
Congo,99,5.075,0.95,0.405,0.355,0.431,0.146,0.13,Africa,2022
Congo,86,5.267,0.921,0.665,0.145,0.464,0.136,0.134,Africa,2023
Congo,89,5.221,0.892,0.622,0.306,0.523,0.138,0.124,Africa,2024
Costa Rica,12,7.226,0.95578,1.23788,0.86027,0.63376,0.10583,0.25497,North America,2015
Costa Rica,14,7.087,1.06879,1.02152,0.76146,0.55225,0.10547,0.22553,North America,2016
Costa Rica,12,7.0789999961853,1.10970628261566,1.41640365123749,0.759509265422821,0.580131649971008,0.100106589496136,0.214613229036331,North America,2017
Costa Rica,13,7.072,1.01,1.459,0.817,0.632,0.101,0.143,North America,2018
Costa Rica,12,7.167,1.034,1.441,0.963,0.558,0.093,0.144,North America,2019
Costa Rica,15,7.12,0.98,1.37,0.94,0.65,0.1,0.13,North America,2020
Costa Rica,16,7.069,1.134,0.966,0.722,0.673,0.083,0.105,North America,2021
Costa Rica,23,6.582,1.584,1.054,0.744,0.661,0.102,0.089,North America,2022
Costa Rica,23,6.609,1.587,1.34,0.503,0.683,0.116,0.099,North America,2023
Costa Rica,12,6.955,1.561,1.373,0.661,0.797,0.123,0.109,North America,2024
Croatia,62,5.759,1.08254,0.79624,0.78805,0.25883,0.0243,0.05444,Europe,2015
Croatia,74,5.488,1.18649,0.60809,0.70524,0.23907,0.04002,0.18434,Europe,2016
Croatia,77,5.29300022125244,1.22255623340607,0.96798300743103,0.701288521289825,0.255772292613983,0.0431031100451946,0.248002976179123,Europe,2017
Croatia,82,5.321,1.115,1.161,0.737,0.38,0.039,0.12,Europe,2018
Croatia,75,5.432,1.155,1.266,0.914,0.296,0.022,0.119,Europe,2019
Croatia,79,5.5,1.11,1.31,0.9,0.38,0.01,0.11,Europe,2020
Croatia,60,5.882,1.251,1.039,0.703,0.453,0.0,0.111,Europe,2021
Croatia,47,6.125,1.705,1.183,0.709,0.535,0.0,0.109,Europe,2022
Croatia,48,6.125,1.727,1.455,0.475,0.5,0.003,0.087,Europe,2023
Croatia,63,5.942,1.71,1.445,0.637,0.469,0.043,0.064,Europe,2024
Cyprus,67,5.689,1.20813,0.89318,0.92356,0.40672,0.06146,0.30638,Europe,2015
Cyprus,69,5.546,1.31857,0.70697,0.8488,0.29507,0.05228,0.27906,Europe,2016
Cyprus,65,5.62099981307983,1.35593807697296,1.13136327266693,0.84471470117569,0.355111539363861,0.0412379764020443,0.271254301071167,Europe,2017
Cyprus,61,5.762,1.229,1.191,0.909,0.423,0.035,0.202,Europe,2018
Cyprus,49,6.046,1.263,1.223,1.042,0.406,0.041,0.19,Europe,2019
Cyprus,45,6.16,1.21,1.15,1.03,0.46,0.05,0.23,Europe,2020
Cyprus,39,6.223,1.377,0.765,0.801,0.464,0.061,0.178,Europe,2021
Cyprus,41,6.221,1.815,0.909,0.819,0.448,0.062,0.123,Europe,2022
Cyprus,46,6.13,1.824,1.224,0.58,0.455,0.05,0.104,Europe,2023
Cyprus,50,6.068,1.794,1.217,0.744,0.529,0.049,0.124,Europe,2024
Czechia,31,6.505,1.17898,1.20643,0.84483,0.46364,0.02652,0.10686,Europe,2015
Czechia,27,6.596,1.30915,1.00793,0.76376,0.41418,0.03986,0.09929,Europe,2016
Czechia,23,6.60900020599365,1.35268235206604,1.43388521671295,0.754444003105164,0.490946173667908,0.0368729270994663,0.0881067588925362,Europe,2017
Czechia,21,6.711,1.233,1.489,0.854,0.543,0.034,0.064,Europe,2018
Czechia,20,6.852,1.269,1.487,0.92,0.457,0.036,0.046,Europe,2019
Czechia,19,6.91,1.21,1.41,0.89,0.51,0.05,0.05,Europe,2020
Czechia,18,6.965,1.37,1.09,0.703,0.58,0.046,0.052,Europe,2021
Czechia,18,6.92,1.815,1.26,0.715,0.66,0.048,0.158,Europe,2022
Czechia,18,6.845,1.823,1.544,0.477,0.693,0.05,0.158,Europe,2023
Czechia,18,6.822,1.783,1.511,0.638,0.787,0.068,0.177,Europe,2024
Denmark,3,7.527,1.32548,1.36058,0.87464,0.64938,0.48357,0.34139,Europe,2015
Denmark,1,7.526,1.44178,1.16374,0.79504,0.57941,0.44453,0.36171,Europe,2016
Denmark,2,7.52199983596802,1.48238301277161,1.55112159252167,0.792565524578094,0.626006722450256,0.40077006816864,0.355280488729477,Europe,2017
Denmark,3,7.555,1.351,1.59,0.868,0.683,0.408,0.284,Europe,2018
Denmark,2,7.6,1.383,1.573,0.996,0.592,0.41,0.252,Europe,2019
Denmark,2,7.65,1.33,1.5,0.98,0.67,0.5,0.24,Europe,2020
Denmark,2,7.62,1.502,1.108,0.763,0.686,0.485,0.208,Europe,2021
Denmark,2,7.636,1.953,1.243,0.777,0.719,0.532,0.188,Europe,2022
Denmark,2,7.586,1.949,1.548,0.537,0.734,0.525,0.208,Europe,2023
Denmark,2,7.583,1.908,1.52,0.699,0.823,0.548,0.204,Europe,2024
Dominican Republic,98,4.885,0.89537,1.17202,0.66825,0.57672,0.14234,0.21684,North America,2015
Dominican Republic,89,5.155,1.02787,0.99496,0.57669,0.52259,0.12372,0.21286,North America,2016
Dominican Republic,86,5.23000001907349,1.07937383651733,1.40241670608521,0.574873745441437,0.55258983373642,0.113945253193378,0.186967849731445,North America,2017
Dominican Republic,83,5.302,0.982,1.441,0.614,0.578,0.106,0.12,North America,2018
Dominican Republic,77,5.425,1.015,1.401,0.779,0.497,0.101,0.113,North America,2019
Dominican Republic,68,5.69,0.98,1.33,0.74,0.56,0.12,0.11,North America,2020
Dominican Republic,73,5.545,1.106,0.879,0.555,0.581,0.144,0.101,North America,2021
Dominican Republic,69,5.737,1.538,1.003,0.577,0.606,0.179,0.084,North America,2022
Dominican Republic,73,5.569,1.536,1.227,0.351,0.623,0.195,0.083,North America,2023
Dominican Republic,69,5.823,1.517,1.272,0.511,0.73,0.196,0.086,North America,2024
Ecuador,48,5.975,0.86402,0.99903,0.79075,0.48574,0.1809,0.11541,South America,2015
Ecuador,51,5.976,0.97306,0.85974,0.68613,0.4027,0.18037,0.10074,South America,2016
Ecuador,44,6.00799989700317,1.00082039833069,1.28616881370544,0.685636222362518,0.4551981985569,0.140134647488594,0.150112465023994,South America,2017
Ecuador,48,5.973,0.889,1.33,0.736,0.556,0.12,0.114,South America,2018
Ecuador,50,6.028,0.912,1.312,0.868,0.498,0.087,0.126,South America,2019
Ecuador,58,5.93,0.85,1.22,0.84,0.56,0.09,0.12,South America,2020
Ecuador,66,5.764,0.935,0.806,0.64,0.56,0.062,0.107,South America,2021
Ecuador,76,5.533,1.352,0.879,0.708,0.565,0.083,0.08,South America,2022
Ecuador,74,5.559,1.343,1.173,0.476,0.56,0.069,0.079,South America,2023
Ecuador,74,5.725,1.315,1.151,0.64,0.606,0.078,0.087,South America,2024
Egypt,135,4.194,0.8818,0.747,0.61712,0.17288,0.06324,0.11291,Africa,2015
Egypt,120,4.362,0.95395,0.49813,0.52116,0.18847,0.10393,0.12706,Africa,2016
Egypt,104,4.7350001335144,0.989701807498932,0.997471392154694,0.520187258720398,0.282110154628754,0.114381365478039,0.128631442785263,Africa,2017
Egypt,122,4.419,0.885,1.025,0.553,0.312,0.107,0.092,Africa,2018
Egypt,137,4.166,0.913,1.039,0.644,0.241,0.067,0.076,Africa,2019
Egypt,138,4.15,0.88,0.98,0.6,0.37,0.1,0.07,Africa,2020
Egypt,132,4.283,0.954,0.647,0.426,0.446,0.092,0.069,Africa,2021
Egypt,129,4.288,1.388,0.732,0.548,0.469,0.254,0.041,Africa,2022
Egypt,121,4.17,1.377,0.972,0.326,0.467,0.25,0.038,Africa,2023
Egypt,127,3.977,1.37,0.996,0.488,0.49,0.259,0.025,Africa,2024
El Salvador,42,6.13,0.76454,1.02507,0.67737,0.4035,0.11776,0.10692,North America,2015
El Salvador,46,6.068,0.8737,0.80975,0.596,0.37269,0.10613,0.08877,North America,2016
El Salvador,45,6.00299978256226,0.909784495830536,1.18212509155273,0.596018552780151,0.432452529668808,0.0899809598922729,0.0782579854130745,North America,2017
El Salvador,40,6.167,0.806,1.231,0.639,0.461,0.082,0.065,North America,2018
El Salvador,35,6.253,0.794,1.242,0.789,0.43,0.074,0.093,North America,2019
El Salvador,34,6.35,0.75,1.15,0.75,0.52,0.12,0.12,North America,2020
El Salvador,49,6.061,0.845,0.675,0.565,0.615,0.16,0.116,North America,2021
El Salvador,49,6.12,1.265,0.768,0.607,0.666,0.212,0.089,North America,2022
El Salvador,50,6.122,1.278,1.044,0.383,0.713,0.222,0.079,North America,2023
El Salvador,33,6.469,1.265,1.08,0.549,0.816,0.253,0.083,North America,2024
Estonia,73,5.429,1.15174,1.22791,0.77361,0.44888,0.15184,0.0868,Europe,2015
Estonia,72,5.517,1.27964,1.05163,0.68098,0.41511,0.18519,0.08423,Europe,2016
Estonia,66,5.61100006103516,1.32087934017181,1.47667109966278,0.695168316364288,0.479131430387497,0.183248922228813,0.0988908112049103,Europe,2017
Estonia,63,5.739,1.2,1.532,0.737,0.553,0.174,0.086,Europe,2018
Estonia,55,5.893,1.237,1.528,0.874,0.495,0.161,0.103,Europe,2019
Estonia,51,6.02,1.19,1.45,0.84,0.58,0.2,0.13,Europe,2020
Estonia,40,6.189,1.344,1.079,0.64,0.641,0.263,0.119,Europe,2021
Estonia,36,6.341,1.793,1.232,0.728,0.689,0.333,0.123,Europe,2022
Estonia,31,6.455,1.798,1.526,0.494,0.728,0.372,0.153,Europe,2023
Estonia,34,6.448,1.752,1.527,0.657,0.805,0.401,0.166,Europe,2024
Ethiopia,122,4.512,0.19073,0.60406,0.44055,0.4345,0.15048,0.24325,Africa,2015
Ethiopia,115,4.508,0.29283,0.37932,0.34578,0.36703,0.1717,0.29522,Africa,2016
Ethiopia,119,4.46000003814697,0.339233845472336,0.86466920375824,0.353409707546234,0.408842742443085,0.165455713868141,0.312650740146637,Africa,2017
Ethiopia,127,4.35,0.308,0.95,0.391,0.452,0.146,0.22,Africa,2018
Ethiopia,134,4.286,0.336,1.033,0.532,0.344,0.1,0.209,Africa,2019
Ethiopia,136,4.19,0.32,1.0,0.48,0.41,0.12,0.23,Africa,2020
Ethiopia,133,4.275,0.37,0.679,0.331,0.451,0.114,0.241,Africa,2021
Ethiopia,131,4.241,0.788,0.809,0.457,0.472,0.136,0.205,Africa,2022
Ethiopia,124,4.091,0.793,1.114,0.25,0.451,0.101,0.283,Africa,2023
Ethiopia,130,3.861,0.792,0.915,0.42,0.441,0.101,0.27,Africa,2024
Finland,6,7.406,1.29025,1.31826,0.88911,0.64169,0.41372,0.23351,Europe,2015
Finland,5,7.413,1.40598,1.13464,0.81091,0.57104,0.41004,0.25492,Europe,2016
Finland,5,7.4689998626709,1.44357192516327,1.5402467250824,0.80915766954422,0.617950856685638,0.38261154294014,0.24548277258873,Europe,2017
Finland,1,7.632,1.305,1.592,0.874,0.681,0.393,0.202,Europe,2018
Finland,1,7.769,1.34,1.587,0.986,0.596,0.393,0.153,Europe,2019
Finland,1,7.81,1.29,1.5,0.96,0.66,0.48,0.16,Europe,2020
Finland,1,7.842,1.446,1.106,0.741,0.691,0.481,0.124,Europe,2021
Finland,1,7.821,1.892,1.258,0.775,0.736,0.534,0.109,Europe,2022
Finland,1,7.804,1.888,1.585,0.535,0.772,0.535,0.126,Europe,2023
Finland,1,7.741,1.844,1.572,0.695,0.859,0.546,0.142,Europe,2024
France,29,6.575,1.27778,1.26038,0.94579,0.55011,0.20646,0.12332,Europe,2015
France,32,6.478,1.39488,1.00508,0.83795,0.46562,0.17808,0.1216,Europe,2016
France,31,6.44199991226196,1.43092346191406,1.38777685165405,0.844465851783752,0.470222115516663,0.172502428293228,0.129762306809425,Europe,2017
France,23,6.489,1.293,1.466,0.908,0.52,0.176,0.098,Europe,2018
France,24,6.592,1.324,1.472,1.045,0.436,0.183,0.111,Europe,2019
France,23,6.66,1.27,1.46,1.03,0.51,0.23,0.11,Europe,2020
France,21,6.69,1.421,1.081,0.804,0.536,0.235,0.092,Europe,2021
France,20,6.687,1.863,1.219,0.808,0.567,0.266,0.07,Europe,2022
France,21,6.661,1.856,1.433,0.566,0.582,0.27,0.083,Europe,2023
France,27,6.609,1.818,1.348,0.727,0.65,0.281,0.112,Europe,2024
Gabon,143,3.896,1.06024,0.90528,0.43372,0.31914,0.11091,0.06822,Africa,2015
Gabon,134,4.121,1.15851,0.72368,0.3494,0.28098,0.09314,0.06244,Africa,2016
Gabon,118,4.46500015258789,1.1982102394104,1.1556202173233,0.356578588485718,0.312328577041626,0.0760467872023582,0.0437853783369064,Africa,2017
Gabon,103,4.758,1.036,1.164,0.404,0.356,0.052,0.032,Africa,2018
Gabon,104,4.799,1.057,1.183,0.571,0.295,0.055,0.043,Africa,2019
Gabon,108,4.83,0.99,1.11,0.52,0.37,0.06,0.05,Africa,2020
Gabon,112,4.852,1.037,0.707,0.362,0.424,0.064,0.058,Africa,2021
Gabon,106,4.958,1.459,0.738,0.396,0.343,0.099,0.032,Africa,2022
Gabon,94,5.035,1.438,1.021,0.183,0.346,0.102,0.036,Africa,2023
Gabon,95,5.106,1.403,1.038,0.344,0.516,0.1,0.045,Africa,2024
Georgia,130,4.297,0.7419,0.38562,0.72926,0.40577,0.38331,0.05547,Europe,2015
Georgia,126,4.252,0.83792,0.19249,0.64035,0.32461,0.3188,0.06786,Europe,2016
Georgia,125,4.28599977493286,0.950612664222717,0.57061493396759,0.649546980857849,0.309410035610199,0.251666635274887,0.0540088154375553,Europe,2017
Georgia,128,4.34,0.853,0.592,0.643,0.375,0.215,0.038,Europe,2018
Georgia,119,4.519,0.886,0.666,0.752,0.346,0.164,0.043,Europe,2019
Georgia,117,4.67,0.85,0.73,0.69,0.49,0.17,0.05,Europe,2020
Georgia,108,4.891,1.03,0.47,0.498,0.488,0.181,0.032,Europe,2021
Georgia,105,4.973,1.467,0.612,0.595,0.508,0.208,0.0,Europe,2022
Georgia,90,5.109,1.477,0.947,0.366,0.539,0.201,0.0,Europe,2023
Georgia,91,5.185,1.467,0.99,0.524,0.68,0.174,0.0,Europe,2024
Germany,26,6.75,1.32792,1.29937,0.89186,0.61477,0.21843,0.28214,Europe,2015
Germany,16,6.994,1.44787,1.09774,0.81487,0.53466,0.28551,0.30452,Europe,2016
Germany,16,6.95100021362305,1.48792338371277,1.47252035140991,0.798950731754303,0.562511384487152,0.276731938123703,0.336269170045853,Europe,2017
Germany,15,6.965,1.34,1.474,0.861,0.586,0.28,0.273,Europe,2018
Germany,17,6.985,1.373,1.454,0.987,0.495,0.265,0.261,Europe,2019
Germany,17,7.08,1.31,1.37,0.97,0.56,0.31,0.25,Europe,2020
Germany,13,7.155,1.48,0.993,0.757,0.6,0.306,0.195,Europe,2021
Germany,14,7.034,1.924,1.088,0.776,0.585,0.358,0.163,Europe,2022
Germany,16,6.892,1.919,1.401,0.539,0.618,0.365,0.153,Europe,2023
Germany,24,6.719,1.871,1.39,0.702,0.7,0.368,0.174,Europe,2024
Ghana,114,4.633,0.54558,0.67954,0.40132,0.42342,0.04355,0.23087,Africa,2015
Ghana,124,4.276,0.63107,0.49353,0.29681,0.40973,0.0326,0.21203,Africa,2016
Ghana,131,4.11999988555908,0.667224824428558,0.873664736747742,0.295637726783752,0.423026293516159,0.0253363698720932,0.256923943758011,Africa,2017
Ghana,108,4.657,0.592,0.896,0.337,0.499,0.029,0.212,Africa,2018
Ghana,98,4.996,0.611,0.868,0.486,0.381,0.04,0.245,Africa,2019
Ghana,91,5.15,0.58,0.97,0.43,0.48,0.06,0.26,Africa,2020
Ghana,95,5.088,0.68,0.595,0.287,0.517,0.058,0.268,Africa,2021
Ghana,111,4.872,1.112,0.595,0.409,0.5,0.056,0.23,Africa,2022
Ghana,107,4.605,1.101,0.756,0.197,0.526,0.035,0.211,Africa,2023
Ghana,120,4.289,1.077,0.747,0.36,0.623,0.028,0.183,Africa,2024
Greece,102,4.857,1.15406,0.92933,0.88213,0.07699,0.01397,0.0,Europe,2015
Greece,99,5.033,1.24886,0.75473,0.80029,0.05822,0.04127,0.0,Europe,2016
Greece,87,5.22700023651123,1.28948748111725,1.23941457271576,0.810198903083801,0.0957312509417534,0.04328977689147,0.0,Europe,2017
Greece,79,5.358,1.154,1.202,0.879,0.131,0.044,0.0,Europe,2018
Greece,82,5.287,1.181,1.156,0.999,0.067,0.034,0.0,Europe,2019
Greece,77,5.51,1.13,1.17,0.98,0.17,0.05,0.0,Europe,2020
Greece,68,5.723,1.273,0.811,0.76,0.243,0.074,0.0,Europe,2021
Greece,58,5.948,1.703,0.98,0.774,0.249,0.108,0.015,Europe,2022
Greece,58,5.931,1.708,1.247,0.535,0.248,0.097,0.008,Europe,2023
Greece,64,5.934,1.684,1.276,0.696,0.337,0.093,0.018,Europe,2024
Guatemala,43,6.123,0.74553,1.04356,0.64425,0.57733,0.09472,0.27489,North America,2015
Guatemala,39,6.324,0.83454,0.87119,0.54039,0.50379,0.08701,0.28808,North America,2016
Guatemala,29,6.4539999961853,0.872001945972443,1.25558519363403,0.540239989757538,0.531310617923737,0.0772232785820961,0.283488392829895,North America,2017
Guatemala,30,6.382,0.781,1.268,0.608,0.604,0.071,0.179,North America,2018
Guatemala,27,6.436,0.8,1.269,0.746,0.535,0.078,0.175,North America,2019
Guatemala,29,6.4,0.75,1.17,0.71,0.61,0.1,0.17,North America,2020
Guatemala,30,6.435,0.845,0.79,0.519,0.638,0.105,0.163,North America,2021
Guatemala,39,6.262,1.274,0.831,0.522,0.662,0.115,0.112,North America,2022
Guatemala,43,6.15,1.287,1.188,0.31,0.631,0.066,0.106,North America,2023
Guatemala,42,6.287,1.26,1.169,0.467,0.735,0.078,0.105,North America,2024
Guinea,150,3.656,0.17417,0.46475,0.24009,0.37725,0.12139,0.28657,Africa,2015
Guinea,151,3.607,0.22415,0.3109,0.18829,0.30953,0.1192,0.29914,Africa,2016
Guinea,149,3.50699996948242,0.244549930095673,0.791244685649872,0.194129139184952,0.348587512969971,0.110937617719173,0.264815092086792,Africa,2017
Guinea,140,3.964,0.344,0.792,0.211,0.394,0.094,0.185,Africa,2018
Guinea,118,4.534,0.38,0.829,0.375,0.332,0.086,0.207,Africa,2019
Guinea,102,4.95,0.39,0.75,0.33,0.37,0.11,0.25,Africa,2020
Guinea,102,4.984,0.42,0.399,0.206,0.384,0.111,0.25,Africa,2021
Guinea,109,4.891,0.848,0.566,0.275,0.334,0.116,0.214,Africa,2022
Guinea,91,5.072,0.844,0.776,0.072,0.369,0.102,0.204,Africa,2023
Guinea,97,5.023,0.831,0.622,0.236,0.521,0.107,0.21,Africa,2024
Honduras,105,4.788,0.59532,0.95348,0.6951,0.40148,0.06825,0.23027,North America,2015
Honduras,104,4.871,0.69429,0.75596,0.58383,0.26755,0.06906,0.2044,North America,2016
Honduras,91,5.18100023269653,0.730573117733002,1.14394497871399,0.582569479942322,0.348079860210419,0.0733454525470734,0.236188873648643,North America,2017
Honduras,72,5.504,0.62,1.205,0.622,0.459,0.074,0.197,North America,2018
Honduras,59,5.86,0.642,1.236,0.828,0.507,0.078,0.246,North America,2019
Honduras,56,5.95,0.6,1.19,0.79,0.57,0.09,0.26,North America,2020
Honduras,59,5.919,0.703,0.787,0.593,0.578,0.083,0.241,North America,2021
Honduras,55,6.022,1.111,0.885,0.555,0.582,0.076,0.202,North America,2022
Honduras,53,6.023,1.115,1.072,0.341,0.613,0.062,0.189,North America,2023
Honduras,61,5.968,1.091,1.035,0.502,0.72,0.081,0.175,North America,2024
Hong Kong,72,5.474,1.38604,1.05818,1.01328,0.59608,0.37124,0.39478,Asia,2015
Hong Kong,75,5.458,1.5107,0.87021,0.95277,0.48079,0.31647,0.40097,Asia,2016
Hong Kong,71,5.47200012207031,1.55167484283447,1.26279091835022,0.943062424659729,0.490968644618988,0.293933749198914,0.374465793371201,Asia,2017
Hong Kong,76,5.43,1.405,1.29,1.03,0.524,0.291,0.246,Asia,2018
Hong Kong,76,5.43,1.438,1.277,1.122,0.44,0.287,0.258,Asia,2019
Hong Kong,78,5.51,1.38,1.24,1.14,0.46,0.33,0.29,Asia,2020
Hong Kong,77,5.477,1.525,0.841,0.893,0.408,0.342,0.232,Asia,2021
Hong Kong,81,5.425,1.957,0.954,0.942,0.4,0.383,0.147,Asia,2022
Hong Kong,82,5.308,1.951,1.201,0.702,0.407,0.39,0.123,Asia,2023
Hong Kong,86,5.316,1.909,1.184,0.857,0.485,0.402,0.147,Asia,2024
Hungary,104,4.8,1.12094,1.20215,0.75905,0.32112,0.02758,0.128,Europe,2015
Hungary,91,5.145,1.24142,0.93164,0.67608,0.1977,0.04472,0.099,Europe,2016
Hungary,75,5.32399988174438,1.2860119342804,1.34313309192657,0.687763452529907,0.175863519310951,0.0366369374096394,0.0784016624093056,Europe,2017
Hungary,69,5.62,1.171,1.401,0.732,0.259,0.022,0.061,Europe,2018
Hungary,62,5.758,1.201,1.41,0.828,0.199,0.02,0.081,Europe,2019
Hungary,53,6.0,1.16,1.42,0.81,0.39,0.03,0.07,Europe,2020
Hungary,53,5.992,1.301,1.083,0.615,0.454,0.04,0.067,Europe,2021
Hungary,51,6.086,1.748,1.233,0.668,0.485,0.064,0.078,Europe,2022
Hungary,51,6.041,1.754,1.519,0.435,0.501,0.065,0.105,Europe,2023
Hungary,56,6.017,1.722,1.528,0.596,0.581,0.067,0.123,Europe,2024
Iceland,2,7.561,1.30232,1.40223,0.94784,0.62877,0.14145,0.4363,Europe,2015
Iceland,3,7.501,1.42666,1.18326,0.86733,0.56624,0.14975,0.47678,Europe,2016
Iceland,3,7.50400018692017,1.480633020401,1.6105740070343,0.833552122116089,0.627162635326385,0.153526559472084,0.475540220737457,Europe,2017
Iceland,4,7.495,1.343,1.644,0.914,0.677,0.138,0.353,Europe,2018
Iceland,4,7.494,1.38,1.624,1.026,0.591,0.118,0.354,Europe,2019
Iceland,4,7.5,1.33,1.55,1.0,0.66,0.14,0.36,Europe,2020
Iceland,4,7.554,1.482,1.172,0.772,0.698,0.17,0.293,Europe,2021
Iceland,3,7.557,1.936,1.32,0.803,0.718,0.191,0.27,Europe,2022
Iceland,3,7.53,1.926,1.62,0.559,0.738,0.187,0.25,Europe,2023
Iceland,3,7.525,1.881,1.617,0.718,0.819,0.182,0.258,Europe,2024
India,117,4.565,0.64499,0.38174,0.51529,0.39786,0.08492,0.26475,Asia,2015
India,118,4.404,0.74036,0.29247,0.45091,0.40285,0.08722,0.25028,Asia,2016
India,122,4.31500005722046,0.792221248149872,0.754372596740723,0.455427616834641,0.469987004995346,0.0922268852591515,0.231538489460945,Asia,2017
India,133,4.19,0.721,0.747,0.485,0.539,0.093,0.172,Asia,2018
India,140,4.015,0.755,0.765,0.588,0.498,0.085,0.2,Asia,2019
India,144,3.57,0.73,0.64,0.54,0.58,0.11,0.24,Asia,2020
India,139,3.819,0.741,0.316,0.383,0.622,0.106,0.246,Asia,2021
India,136,3.777,1.167,0.376,0.471,0.647,0.123,0.198,Asia,2022
India,126,4.036,1.159,0.674,0.252,0.685,0.111,0.175,Asia,2023
India,126,4.054,1.166,0.653,0.417,0.767,0.122,0.174,Asia,2024
Indonesia,74,5.399,0.82827,1.08708,0.63793,0.46611,0.0,0.51535,Asia,2015
Indonesia,79,5.314,0.95104,0.87625,0.49374,0.39237,0.00322,0.56521,Asia,2016
Indonesia,81,5.26200008392334,0.995538592338562,1.27444469928741,0.492345720529556,0.443323463201523,0.0153171354904771,0.611704587936401,Asia,2017
Indonesia,96,5.093,0.899,1.215,0.522,0.538,0.018,0.484,Asia,2018
Indonesia,92,5.192,0.931,1.203,0.66,0.491,0.028,0.498,Asia,2019
Indonesia,84,5.29,0.89,1.15,0.61,0.57,0.04,0.54,Asia,2020
Indonesia,82,5.345,0.954,0.786,0.433,0.598,0.046,0.541,Asia,2021
Indonesia,87,5.24,1.382,0.883,0.539,0.62,0.047,0.468,Asia,2022
Indonesia,84,5.277,1.384,1.169,0.314,0.663,0.038,0.422,Asia,2023
Indonesia,80,5.568,1.361,1.184,0.472,0.779,0.055,0.399,Asia,2024
Iran,110,4.686,1.0088,0.54447,0.69805,0.30033,0.05863,0.38086,Asia,2015
Iran,105,4.813,1.11758,0.38857,0.64232,0.22544,0.0557,0.38538,Asia,2016
Iran,108,4.69199991226196,1.15687310695648,0.711551249027252,0.639333188533783,0.249322608113289,0.048761073499918,0.387242913246155,Asia,2017
Iran,106,4.707,1.059,0.771,0.691,0.459,0.129,0.282,Asia,2018
Iran,117,4.548,1.1,0.842,0.785,0.305,0.125,0.27,Asia,2019
Iran,118,4.67,1.03,0.89,0.75,0.3,0.14,0.28,Asia,2020
Iran,118,4.721,1.03,0.557,0.561,0.275,0.144,0.33,Asia,2021
Iran,110,4.888,1.41,0.741,0.642,0.281,0.146,0.241,Asia,2022
Iran,101,4.876,1.465,1.102,0.411,0.281,0.13,0.229,Asia,2023
Iran,100,4.923,1.435,1.136,0.571,0.366,0.123,0.235,Asia,2024
Iraq,112,4.677,0.98549,0.81889,0.60237,0.0,0.13788,0.17922,Asia,2015
Iraq,112,4.575,1.07474,0.59205,0.51076,0.24856,0.13636,0.19589,Asia,2016
Iraq,117,4.49700021743774,1.10271048545837,0.978613197803497,0.501180469989777,0.288555532693863,0.107215754687786,0.19963726401329,Asia,2017
Iraq,117,4.456,1.01,0.971,0.536,0.304,0.095,0.148,Asia,2018
Iraq,126,4.437,1.043,0.98,0.574,0.241,0.089,0.148,Asia,2019
Iraq,110,4.78,0.98,1.01,0.53,0.28,0.07,0.15,Asia,2020
Iraq,111,4.854,0.91,0.638,0.381,0.302,0.041,0.153,Asia,2021
Iraq,107,4.941,1.289,0.682,0.554,0.328,0.046,0.147,Asia,2022
Iraq,98,4.941,1.281,0.953,0.324,0.351,0.038,0.134,Asia,2023
Iraq,92,5.166,1.249,0.996,0.498,0.425,0.048,0.141,Asia,2024
Ireland,18,6.94,1.33596,1.36948,0.89533,0.61777,0.28703,0.45901,Europe,2015
Ireland,19,6.907,1.48341,1.16157,0.81455,0.54008,0.29754,0.44963,Europe,2016
Ireland,15,6.97700023651123,1.53570663928986,1.55823111534119,0.80978262424469,0.573110342025757,0.29838815331459,0.42785832285881,Europe,2017
Ireland,14,6.977,1.448,1.583,0.876,0.614,0.306,0.307,Europe,2018
Ireland,16,7.021,1.499,1.553,0.999,0.516,0.31,0.298,Europe,2019
Ireland,16,7.09,1.45,1.47,0.98,0.59,0.37,0.3,Europe,2020
Ireland,15,7.085,1.644,1.092,0.753,0.606,0.367,0.238,Europe,2021
Ireland,13,7.041,2.129,1.166,0.779,0.627,0.408,0.19,Europe,2022
Ireland,14,6.911,2.152,1.425,0.539,0.656,0.409,0.186,Europe,2023
Ireland,17,6.838,2.129,1.39,0.7,0.758,0.418,0.205,Europe,2024
Israel,11,7.278,1.22857,1.22393,0.91387,0.41319,0.07785,0.33172,Asia,2015
Israel,11,7.267,1.33766,0.99537,0.84917,0.36432,0.08728,0.32288,Asia,2016
Israel,11,7.21299982070923,1.37538242340088,1.37628996372223,0.83840399980545,0.405988603830338,0.0852421000599861,0.330082654953003,Asia,2017
Israel,19,6.814,1.301,1.559,0.883,0.533,0.272,0.354,Asia,2018
Israel,13,7.139,1.276,1.455,1.029,0.371,0.082,0.261,Asia,2019
Israel,14,7.13,1.22,1.4,1.01,0.42,0.1,0.27,Asia,2020
Israel,12,7.157,1.376,1.074,0.788,0.509,0.119,0.208,Asia,2021
Israel,9,7.364,1.826,1.221,0.818,0.568,0.143,0.155,Asia,2022
Israel,4,7.473,1.833,1.521,0.577,0.569,0.158,0.124,Asia,2023
Israel,5,7.341,1.803,1.513,0.74,0.641,0.193,0.153,Asia,2024
Italy,50,5.948,1.25114,1.19777,0.95446,0.26236,0.02901,0.22823,Europe,2015
Italy,50,5.977,1.35495,1.04167,0.85102,0.18827,0.02556,0.16684,Europe,2016
Italy,48,5.96400022506714,1.39506661891937,1.44492328166962,0.853144347667694,0.256450712680817,0.0280280914157629,0.17278964817524,Europe,2017
Italy,47,6.0,1.264,1.501,0.946,0.281,0.028,0.137,Europe,2018
Italy,36,6.223,1.294,1.488,1.039,0.231,0.03,0.158,Europe,2019
Italy,30,6.39,1.24,1.35,1.02,0.32,0.04,0.17,Europe,2020
Italy,28,6.483,1.393,0.94,0.798,0.379,0.047,0.133,Europe,2021
Italy,31,6.467,1.834,1.052,0.801,0.412,0.059,0.085,Europe,2022
Italy,33,6.405,1.832,1.365,0.559,0.438,0.063,0.097,Europe,2023
Italy,41,6.324,1.8,1.328,0.72,0.513,0.074,0.112,Europe,2024
Ivory Coast,151,3.655,0.46534,0.77115,0.15185,0.46866,0.17922,0.20165,Africa,2015
Ivory Coast,139,3.916,0.55507,0.57576,0.04476,0.40663,0.1553,0.20338,Africa,2016
Ivory Coast,128,4.17999982833862,0.603048920631409,0.904780030250549,0.0486421696841717,0.447706192731857,0.130061775445938,0.201237469911575,Africa,2017
Ivory Coast,107,4.671,0.541,0.872,0.08,0.467,0.103,0.146,Africa,2018
Ivory Coast,99,4.944,0.569,0.808,0.232,0.352,0.09,0.154,Africa,2019
Ivory Coast,85,5.23,0.54,0.8,0.15,0.4,0.09,0.17,Africa,2020
Ivory Coast,85,5.306,0.669,0.409,0.052,0.438,0.092,0.177,Africa,2021
Ivory Coast,88,5.235,1.094,0.442,0.322,0.451,0.124,0.149,Africa,2022
Ivory Coast,93,5.053,1.094,0.584,0.12,0.467,0.131,0.138,Africa,2023
Ivory Coast,96,5.08,1.08,0.578,0.288,0.547,0.164,0.12,Africa,2024
Jamaica,65,5.709,0.81038,1.15102,0.68741,0.50442,0.02299,0.2123,North America,2015
Jamaica,73,5.51,0.89333,0.96372,0.59469,0.43597,0.04294,0.22245,North America,2016
Jamaica,76,5.31099987030029,0.925579309463501,1.36821806430817,0.641022384166718,0.474307239055634,0.0552677810192108,0.233818337321281,North America,2017
Jamaica,56,5.89,0.819,1.493,0.693,0.575,0.031,0.096,North America,2018
Jamaica,56,5.89,0.831,1.478,0.831,0.49,0.028,0.107,North America,2019
Jamaica,60,5.89,0.78,1.41,0.79,0.55,0.03,0.12,North America,2020
Jamaica,37,6.309,0.891,0.932,0.599,0.618,0.035,0.099,North America,2021
Jamaica,63,5.85,1.296,1.045,0.646,0.567,0.053,0.08,North America,2022
Jamaica,68,5.703,1.305,1.329,0.411,0.587,0.039,0.079,North America,2023
Jamaica,67,5.842,1.28,1.324,0.567,0.647,0.028,0.089,North America,2024
Japan,46,5.987,1.27074,1.25712,0.99111,0.49615,0.1806,0.10705,Asia,2015
Japan,53,5.921,1.38007,1.06054,0.91491,0.46761,0.18985,0.10224,Asia,2016
Japan,51,5.92000007629395,1.41691517829895,1.43633782863617,0.913475871086121,0.505625545978546,0.163760736584663,0.12057276815176,Asia,2017
Japan,54,5.915,1.294,1.462,0.988,0.553,0.15,0.079,Asia,2018
Japan,58,5.886,1.327,1.419,1.088,0.445,0.14,0.069,Asia,2019
Japan,62,5.87,1.27,1.33,1.07,0.5,0.18,0.04,Asia,2020
Japan,56,5.94,1.389,0.949,0.838,0.504,0.192,0.02,Asia,2021
Japan,54,6.039,1.835,1.089,0.866,0.537,0.218,0.007,Asia,2022
Japan,47,6.129,1.825,1.396,0.622,0.556,0.207,0.009,Asia,2023
Japan,51,6.06,1.786,1.354,0.785,0.632,0.219,0.023,Asia,2024
Jordan,82,5.192,0.90198,1.05392,0.69639,0.40661,0.14293,0.11053,Asia,2015
Jordan,80,5.303,0.99673,0.86216,0.60712,0.36023,0.13297,0.14262,Asia,2016
Jordan,74,5.33599996566772,0.991012394428253,1.23908889293671,0.604590058326721,0.418421149253845,0.11980327218771,0.172170460224152,Asia,2017
Jordan,90,5.161,0.822,1.265,0.645,0.468,0.134,0.13,Asia,2018
Jordan,101,4.906,0.837,1.225,0.815,0.383,0.13,0.11,Asia,2019
Jordan,119,4.63,0.79,1.14,0.78,0.42,0.15,0.09,Asia,2020
Jordan,127,4.395,0.89,0.685,0.583,0.455,0.15,0.079,Asia,2021
Jordan,134,4.152,1.324,0.724,0.675,0.476,0.2,0.058,Asia,2022
Jordan,123,4.12,1.292,0.98,0.438,0.517,0.173,0.056,Asia,2023
Jordan,125,4.186,1.262,0.983,0.594,0.593,0.189,0.059,Asia,2024
Kazakhstan,54,5.855,1.12254,1.12241,0.64368,0.51649,0.08454,0.11827,Asia,2015
Kazakhstan,54,5.919,1.22943,0.95544,0.57386,0.4052,0.11132,0.15011,Asia,2016
Kazakhstan,60,5.81899976730347,1.28455626964569,1.38436901569366,0.606041550636292,0.437454283237457,0.119282886385918,0.201964423060417,Asia,2017
Kazakhstan,60,5.79,1.143,1.516,0.631,0.454,0.121,0.148,Asia,2018
Kazakhstan,60,5.809,1.173,1.508,0.729,0.41,0.096,0.146,Asia,2019
Kazakhstan,50,6.06,1.12,1.45,0.7,0.5,0.11,0.15,Asia,2020
Kazakhstan,45,6.152,1.23,1.103,0.527,0.573,0.132,0.143,Asia,2021
Kazakhstan,40,6.234,1.668,1.22,0.611,0.584,0.157,0.134,Asia,2022
Kazakhstan,44,6.144,1.664,1.491,0.389,0.628,0.149,0.136,Asia,2023
Kazakhstan,49,6.188,1.622,1.457,0.556,0.733,0.12,0.149,Asia,2024
Kenya,125,4.419,0.36471,0.99876,0.41435,0.42215,0.05839,0.37542,Africa,2015
Kenya,122,4.356,0.52267,0.7624,0.30147,0.40576,0.06686,0.41328,Africa,2016
Kenya,112,4.55299997329712,0.560479462146759,1.06795072555542,0.309988349676132,0.452763766050339,0.0646413192152977,0.444860309362411,Africa,2017
Kenya,124,4.41,0.493,1.048,0.454,0.504,0.055,0.352,Africa,2018
Kenya,121,4.509,0.512,0.983,0.581,0.431,0.053,0.372,Africa,2019
Kenya,121,4.58,0.48,0.91,0.54,0.52,0.07,0.39,Africa,2020
Kenya,121,4.607,0.603,0.508,0.385,0.483,0.073,0.375,Africa,2021
Kenya,119,4.543,1.032,0.605,0.401,0.44,0.082,0.322,Africa,2022
Kenya,111,4.487,1.051,0.881,0.19,0.418,0.055,0.291,Africa,2023
Kenya,114,4.47,1.037,0.895,0.353,0.519,0.069,0.282,Africa,2024
Kosovo,69,5.589,0.80148,0.81198,0.63132,0.24749,0.04741,0.2831,Europe,2015
Kosovo,77,5.401,0.90145,0.66062,0.54,0.14396,0.06547,0.27992,Europe,2016
Kosovo,78,5.27899980545044,0.951484382152557,1.13785350322723,0.541452050209045,0.260287940502167,0.0574716180562973,0.319931447505951,Europe,2017
Kosovo,66,5.662,0.855,1.23,0.578,0.448,0.023,0.274,Europe,2018
Kosovo,46,6.1,0.882,1.232,0.758,0.489,0.006,0.262,Europe,2019
Kosovo,35,6.33,0.84,1.18,0.67,0.56,0.01,0.33,Europe,2020
Kosovo,33,6.372,0.937,0.807,0.483,0.593,0.014,0.356,Europe,2021
Kosovo,32,6.455,1.362,0.949,0.569,0.599,0.035,0.309,Europe,2022
Kosovo,34,6.368,1.374,1.269,0.372,0.639,0.045,0.275,Europe,2023
Kosovo,29,6.561,1.364,1.277,0.599,0.739,0.073,0.254,Europe,2024
Kyrgyzstan,77,5.286,0.47428,1.15115,0.65088,0.43477,0.04232,0.3003,Asia,2015
Kyrgyzstan,85,5.185,0.56044,0.95434,0.55449,0.40212,0.04762,0.38432,Asia,2016
Kyrgyzstan,98,5.00400018692017,0.596220076084137,1.39423859119415,0.553457796573639,0.454943388700485,0.0394391790032387,0.42858037352562,Asia,2017
Kyrgyzstan,92,5.131,0.53,1.416,0.594,0.54,0.035,0.281,Asia,2018
Kyrgyzstan,86,5.261,0.551,1.438,0.723,0.508,0.023,0.3,Asia,2019
Kyrgyzstan,74,5.54,0.51,1.34,0.68,0.61,0.03,0.3,Asia,2020
Kyrgyzstan,67,5.744,0.665,0.971,0.501,0.673,0.02,0.266,Asia,2021
Kyrgyzstan,64,5.828,1.069,1.109,0.638,0.693,0.025,0.208,Asia,2022
Kyrgyzstan,62,5.825,1.061,1.439,0.417,0.735,0.018,0.234,Asia,2023
Kyrgyzstan,75,5.714,1.054,1.477,0.588,0.834,0.03,0.225,Asia,2024
Latvia,89,5.098,1.11312,1.09562,0.72437,0.29671,0.06332,0.18226,Europe,2015
Latvia,68,5.56,1.21788,0.95025,0.63952,0.27996,0.0889,0.17445,Europe,2016
Latvia,54,5.84999990463257,1.26074862480164,1.40471494197845,0.638566970825195,0.325707912445068,0.0738427266478539,0.153074786067009,Europe,2017
Latvia,53,5.933,1.148,1.454,0.671,0.363,0.066,0.092,Europe,2018
Latvia,53,5.94,1.187,1.465,0.812,0.264,0.064,0.075,Europe,2019
Latvia,57,5.95,1.14,1.41,0.78,0.33,0.09,0.08,Europe,2020
Latvia,51,6.032,1.285,1.047,0.587,0.405,0.089,0.082,Europe,2021
Latvia,42,6.18,1.732,1.221,0.637,0.502,0.09,0.075,Europe,2022
Latvia,41,6.213,1.737,1.505,0.405,0.58,0.071,0.107,Europe,2023
Latvia,46,6.234,1.7,1.508,0.564,0.666,0.078,0.127,Europe,2024
Lebanon,103,4.839,1.02564,0.80001,0.83947,0.33916,0.04582,0.21854,Asia,2015
Lebanon,93,5.129,1.12268,0.64184,0.76171,0.26228,0.03061,0.23693,Asia,2016
Lebanon,88,5.22499990463257,1.07498753070831,1.12962424755096,0.735081076622009,0.288515985012054,0.037513829767704,0.264450758695602,Asia,2017
Lebanon,80,5.358,0.965,1.179,0.785,0.503,0.136,0.214,Asia,2018
Lebanon,91,5.197,0.987,1.224,0.815,0.216,0.027,0.166,Asia,2019
Lebanon,111,4.77,0.89,1.19,0.79,0.19,0.02,0.16,Asia,2020
Lebanon,123,4.584,1.045,0.868,0.595,0.175,0.026,0.14,Asia,2021
Lebanon,145,2.955,1.392,0.498,0.631,0.103,0.034,0.082,Asia,2022
Lebanon,136,2.392,1.417,0.476,0.398,0.123,0.027,0.061,Asia,2023
Lebanon,142,2.707,1.377,0.577,0.556,0.173,0.029,0.068,Asia,2024
Liberia,116,4.571,0.0712,0.78968,0.34201,0.28531,0.06232,0.24362,Africa,2015
Liberia,150,3.622,0.10706,0.50353,0.23165,0.25748,0.04852,0.24063,Africa,2016
Liberia,148,3.53299999237061,0.119041793048382,0.872117936611176,0.229918196797371,0.332881182432175,0.0389482490718365,0.26654988527298,Africa,2017
Liberia,149,3.495,0.076,0.858,0.267,0.419,0.03,0.206,Africa,2018
Liberia,141,3.975,0.073,0.922,0.443,0.37,0.033,0.233,Africa,2019
Liberia,124,4.56,0.17,0.92,0.39,0.41,0.05,0.23,Africa,2020
Liberia,120,4.625,0.228,0.58,0.253,0.43,0.057,0.221,Africa,2021
Liberia,97,5.122,0.636,0.67,0.309,0.405,0.08,0.178,Africa,2022
Liberia,125,4.042,0.628,0.644,0.141,0.471,0.071,0.219,Africa,2023
Liberia,121,4.269,0.619,0.673,0.301,0.546,0.075,0.178,Africa,2024
Lithuania,56,5.833,1.14723,1.25745,0.73128,0.21342,0.01031,0.02641,Europe,2015
Lithuania,60,5.813,1.2692,1.06411,0.64674,0.18929,0.0182,0.02025,Europe,2016
Lithuania,52,5.90199995040894,1.31458234786987,1.47351610660553,0.62894994020462,0.234231784939766,0.0118656428530812,0.010164656676352,Europe,2017
Lithuania,50,5.952,1.197,1.527,0.716,0.35,0.006,0.026,Europe,2018
Lithuania,42,6.149,1.238,1.515,0.818,0.291,0.042,0.043,Europe,2019
Lithuania,41,6.22,1.19,1.43,0.8,0.42,0.08,0.05,Europe,2020
Lithuania,38,6.255,1.35,1.065,0.612,0.476,0.073,0.056,Europe,2021
Lithuania,34,6.446,1.804,1.204,0.659,0.496,0.077,0.053,Europe,2022
Lithuania,20,6.763,1.808,1.511,0.432,0.487,0.089,0.059,Europe,2023
Lithuania,19,6.818,1.766,1.454,0.598,0.533,0.116,0.044,Europe,2024
Luxembourg,17,6.946,1.56391,1.21963,0.91894,0.61583,0.37798,0.28034,Europe,2015
Luxembourg,20,6.871,1.69752,1.03999,0.84542,0.5487,0.35329,0.27571,Europe,2016
Luxembourg,18,6.86299991607666,1.74194359779358,1.45758366584778,0.845089495182037,0.59662789106369,0.31883442401886,0.283180981874466,Europe,2017
Luxembourg,17,6.91,1.576,1.52,0.896,0.632,0.321,0.196,Europe,2018
Luxembourg,14,7.09,1.609,1.479,1.012,0.526,0.316,0.194,Europe,2019
Luxembourg,10,7.24,1.54,1.39,0.99,0.61,0.37,0.2,Europe,2020
Luxembourg,8,7.324,1.751,1.003,0.76,0.639,0.353,0.166,Europe,2021
Luxembourg,6,7.404,2.209,1.155,0.79,0.7,0.388,0.12,Europe,2022
Luxembourg,9,7.228,2.2,1.357,0.549,0.71,0.418,0.149,Europe,2023
Luxembourg,8,7.122,2.141,1.355,0.708,0.801,0.432,0.146,Europe,2024
Madagascar,147,3.681,0.20824,0.66801,0.46721,0.19184,0.08124,0.21333,Africa,2015
Madagascar,148,3.695,0.27954,0.46115,0.37109,0.13684,0.07506,0.2204,Africa,2016
Madagascar,144,3.64400005340576,0.305808693170547,0.913020372390747,0.375223308801651,0.189196765422821,0.0672319754958153,0.208732530474663,Africa,2017
Madagascar,143,3.774,0.262,0.908,0.402,0.221,0.049,0.155,Africa,2018
Madagascar,143,3.933,0.274,0.916,0.555,0.148,0.041,0.169,Africa,2019
Madagascar,137,4.17,0.24,0.82,0.5,0.19,0.08,0.19,Africa,2020
Madagascar,135,4.208,0.266,0.503,0.341,0.207,0.087,0.185,Africa,2021
Madagascar,128,4.339,0.67,0.645,0.378,0.202,0.154,0.143,Africa,2022
Madagascar,127,4.019,0.632,0.779,0.178,0.187,0.134,0.177,Africa,2023
Madagascar,123,4.228,0.628,0.823,0.333,0.25,0.123,0.172,Africa,2024
Malawi,131,4.292,0.01604,0.41134,0.22562,0.43054,0.06977,0.33128,Africa,2015
Malawi,132,4.156,0.08709,0.147,0.29364,0.4143,0.07564,0.30968,Africa,2016
Malawi,136,3.97000002861023,0.233442038297653,0.512568831443787,0.315089583396912,0.466914653778076,0.0727116540074348,0.287170469760895,Africa,2017
Malawi,147,3.587,0.186,0.541,0.306,0.531,0.08,0.21,Africa,2018
Malawi,150,3.41,0.191,0.56,0.495,0.443,0.089,0.218,Africa,2019
Malawi,145,3.54,0.18,0.53,0.45,0.49,0.13,0.21,Africa,2020
Malawi,144,3.6,0.113,0.168,0.298,0.484,0.134,0.213,Africa,2021
Malawi,138,3.75,0.648,0.279,0.388,0.477,0.157,0.14,Africa,2022
Malawi,131,3.495,0.637,0.479,0.189,0.49,0.129,0.139,Africa,2023
Malawi,136,3.421,0.617,0.41,0.349,0.571,0.136,0.135,Africa,2024
Malaysia,61,5.77,1.12486,1.07023,0.72394,0.53024,0.10501,0.33075,Asia,2015
Malaysia,47,6.005,1.25142,0.88025,0.62366,0.39031,0.09081,0.41474,Asia,2016
Malaysia,42,6.08400011062622,1.29121541976929,1.28464603424072,0.618784427642822,0.402264982461929,0.0656007081270218,0.416608929634094,Asia,2017
Malaysia,35,6.322,1.161,1.258,0.669,0.356,0.059,0.311,Asia,2018
Malaysia,80,5.339,1.221,1.171,0.828,0.508,0.024,0.26,Asia,2019
Malaysia,82,5.38,1.17,1.17,0.79,0.6,0.06,0.27,Asia,2020
Malaysia,81,5.384,1.259,0.797,0.587,0.624,0.064,0.27,Asia,2021
Malaysia,70,5.711,1.689,0.938,0.62,0.654,0.126,0.213,Asia,2022
Malaysia,55,6.012,1.665,1.155,0.385,0.659,0.122,0.222,Asia,2023
Malaysia,59,5.975,1.646,1.143,0.54,0.829,0.119,0.226,Asia,2024
Mali,138,3.995,0.26074,1.03526,0.20583,0.38857,0.12352,0.18798,Africa,2015
Mali,135,4.073,0.31292,0.86333,0.16347,0.27544,0.13647,0.21064,Africa,2016
Mali,127,4.19000005722046,0.476180493831635,1.28147339820862,0.169365674257278,0.306613743305206,0.104970246553421,0.183354198932648,Africa,2017
Mali,118,4.447,0.37,1.233,0.152,0.367,0.056,0.139,Africa,2018
Mali,128,4.39,0.385,1.105,0.308,0.327,0.052,0.153,Africa,2019
Mali,114,4.73,0.35,0.97,0.23,0.38,0.06,0.17,Africa,2020
Mali,117,4.723,0.387,0.59,0.11,0.384,0.072,0.164,Africa,2021
Mali,123,4.479,0.792,0.483,0.311,0.35,0.042,0.128,Africa,2022
Mali,120,4.198,0.763,0.637,0.106,0.441,0.059,0.121,Africa,2023
Mali,122,4.232,0.747,0.688,0.267,0.586,0.09,0.12,Africa,2024
Malta,37,6.302,1.2074,1.30203,0.88721,0.60365,0.13586,0.51752,Europe,2015
Malta,30,6.488,1.30782,1.09879,0.80315,0.54994,0.17554,0.56237,Europe,2016
Malta,27,6.52699995040894,1.34327983856201,1.48841166496277,0.821944236755371,0.588767051696777,0.153066068887711,0.574730575084686,Europe,2017
Malta,22,6.627,1.27,1.525,0.884,0.645,0.142,0.376,Europe,2018
Malta,22,6.726,1.3,1.52,0.999,0.564,0.151,0.375,Europe,2019
Malta,22,6.77,1.25,1.44,0.97,0.63,0.18,0.34,Europe,2020
Malta,23,6.602,1.411,1.055,0.747,0.664,0.183,0.275,Europe,2021
Malta,33,6.447,1.838,1.169,0.789,0.679,0.166,0.174,Europe,2022
Malta,37,6.3,1.841,1.468,0.547,0.671,0.143,0.2,Europe,2023
Malta,40,6.346,1.827,1.444,0.707,0.727,0.125,0.25,Europe,2024
Mauritania,124,4.436,0.45407,0.86908,0.35874,0.24232,0.17461,0.219,Africa,2015
Mauritania,130,4.201,0.61391,0.84142,0.28639,0.1268,0.17955,0.22686,Africa,2016
Mauritania,123,4.29199981689453,0.648457288742065,1.2720308303833,0.285349279642105,0.0960980430245399,0.136957004666328,0.201870024204254,Africa,2017
Mauritania,126,4.356,0.557,1.245,0.292,0.129,0.093,0.134,Africa,2018
Mauritania,122,4.49,0.57,1.167,0.489,0.066,0.088,0.106,Africa,2019
Mauritania,129,4.37,0.54,1.11,0.43,0.19,0.12,0.13,Africa,2020
Mauritania,134,4.227,0.666,0.749,0.273,0.218,0.133,0.119,Africa,2021
Mauritania,133,4.153,1.1,0.865,0.45,0.304,0.138,0.088,Africa,2022
Mauritania,103,4.724,1.099,0.764,0.244,0.32,0.195,0.13,Africa,2023
Mauritania,111,4.505,1.078,0.705,0.4,0.343,0.198,0.133,Africa,2024
Mauritius,71,5.477,1.00761,0.98521,0.7095,0.56066,0.07521,0.37744,Africa,2015
Mauritius,66,5.648,1.14372,0.75695,0.66189,0.46145,0.05203,0.36951,Africa,2016
Mauritius,64,5.62900018692017,1.18939554691315,1.20956099033356,0.638007462024689,0.491247326135635,0.0421815551817417,0.360933750867844,Africa,2017
Mauritius,55,5.891,1.09,1.387,0.684,0.584,0.05,0.245,Africa,2018
Mauritius,57,5.888,1.12,1.402,0.798,0.498,0.06,0.215,Africa,2019
Mauritius,49,6.1,1.07,1.4,0.76,0.59,0.08,0.19,Africa,2020
Mauritius,50,6.049,1.178,0.996,0.574,0.59,0.096,0.153,Africa,2021
Mauritius,52,6.071,1.591,1.116,0.568,0.589,0.107,0.131,Africa,2022
Mauritius,59,5.902,1.589,1.382,0.336,0.574,0.11,0.121,Africa,2023
Mauritius,70,5.816,1.57,1.358,0.49,0.641,0.118,0.123,Africa,2024
Mexico,14,7.187,1.02054,0.91451,0.81444,0.48181,0.21312,0.14074,North America,2015
Mexico,21,6.778,1.11508,0.7146,0.71143,0.37709,0.18355,0.11735,North America,2016
Mexico,25,6.57800006866455,1.15318381786346,1.210862159729,0.709978997707367,0.412730008363724,0.132774114608765,0.120990432798862,North America,2017
Mexico,24,6.488,1.038,1.252,0.761,0.479,0.095,0.069,North America,2018
Mexico,23,6.595,1.07,1.323,0.861,0.433,0.073,0.074,North America,2019
Mexico,24,6.47,1.02,1.23,0.83,0.55,0.08,0.08,North America,2020
Mexico,36,6.317,1.126,0.83,0.634,0.585,0.089,0.092,North America,2021
Mexico,46,6.128,1.552,0.886,0.623,0.621,0.115,0.092,North America,2022
Mexico,36,6.33,1.55,1.169,0.389,0.632,0.115,0.086,North America,2023
Mexico,25,6.678,1.521,1.241,0.544,0.722,0.127,0.086,North America,2024
Moldova,52,5.889,0.59448,1.01528,0.61826,0.32818,0.01615,0.20951,Europe,2015
Moldova,55,5.897,0.69177,0.83132,0.52309,0.25202,0.01903,0.19997,Europe,2016
Moldova,56,5.83799982070923,0.728870630264282,1.25182557106018,0.589465200901031,0.240729048848152,0.0100912861526012,0.208779126405716,Europe,2017
Moldova,67,5.64,0.657,1.301,0.62,0.232,0.0,0.171,Europe,2018
Moldova,71,5.529,0.685,1.328,0.739,0.245,0.0,0.181,Europe,2019
Moldova,70,5.61,0.71,1.24,0.71,0.39,0.01,0.17,Europe,2020
Moldova,65,5.766,0.985,0.888,0.542,0.536,0.013,0.137,Europe,2021
Moldova,62,5.857,1.417,1.008,0.597,0.561,0.028,0.102,Europe,2022
Moldova,63,5.819,1.425,1.302,0.375,0.61,0.02,0.093,Europe,2023
Moldova,71,5.816,1.385,1.277,0.542,0.695,0.044,0.077,Europe,2024
Mongolia,100,4.874,0.82819,1.3006,0.60268,0.43626,0.02666,0.3323,Asia,2015
Mongolia,101,4.907,0.98853,1.08983,0.55469,0.35972,0.03285,0.34539,Asia,2016
Mongolia,100,4.95499992370605,1.02723586559296,1.4930112361908,0.557783484458923,0.394143968820572,0.0329022891819477,0.338464230298996,Asia,2017
Mongolia,94,5.125,0.914,1.517,0.575,0.395,0.032,0.253,Asia,2018
Mongolia,83,5.285,0.948,1.531,0.667,0.317,0.038,0.235,Asia,2019
Mongolia,81,5.46,0.9,1.46,0.62,0.36,0.05,0.26,Asia,2020
Mongolia,70,5.677,0.966,1.065,0.442,0.397,0.053,0.263,Asia,2021
Mongolia,68,5.761,1.393,1.197,0.467,0.398,0.059,0.247,Asia,2022
Mongolia,61,5.84,1.379,1.494,0.244,0.425,0.058,0.239,Asia,2023
Mongolia,77,5.696,1.353,1.511,0.4,0.501,0.055,0.237,Asia,2024
Montenegro,82,5.192,0.97438,0.90557,0.72521,0.1826,0.14296,0.1614,Europe,2015
Montenegro,88,5.161,1.07838,0.74173,0.63533,0.15111,0.12721,0.17191,Europe,2016
Montenegro,83,5.23699998855591,1.12112903594971,1.23837649822235,0.667464673519135,0.194989055395126,0.0881741940975189,0.197911024093628,Europe,2017
Montenegro,81,5.347,1.017,1.279,0.729,0.259,0.081,0.111,Europe,2018
Montenegro,73,5.523,1.051,1.361,0.871,0.197,0.08,0.142,Europe,2019
Montenegro,72,5.55,1.01,1.27,0.84,0.3,0.1,0.15,Europe,2020
Montenegro,72,5.581,1.155,0.891,0.637,0.397,0.081,0.166,Europe,2021
Montenegro,75,5.547,1.573,1.023,0.659,0.46,0.077,0.135,Europe,2022
Montenegro,67,5.722,1.537,1.385,0.424,0.563,0.061,0.17,Europe,2023
Montenegro,76,5.707,1.571,1.318,0.587,0.632,0.132,0.11,Europe,2024
Morocco,92,5.013,0.73479,0.64095,0.60954,0.41691,0.08546,0.07172,Africa,2015
Morocco,90,5.151,0.84058,0.38595,0.59471,0.25646,0.08404,0.04053,Africa,2016
Morocco,84,5.2350001335144,0.878114581108093,0.774864435195923,0.59771066904068,0.408158332109451,0.0877631828188896,0.0322099551558495,Africa,2017
Morocco,85,5.254,0.779,0.797,0.669,0.46,0.074,0.026,Africa,2018
Morocco,89,5.208,0.801,0.782,0.782,0.418,0.076,0.036,Africa,2019
Morocco,97,5.09,0.76,0.65,0.75,0.45,0.08,0.04,Africa,2020
Morocco,106,4.918,0.792,0.219,0.558,0.477,0.088,0.034,Africa,2021
Morocco,100,5.06,1.208,0.268,0.565,0.492,0.102,0.02,Africa,2022
Morocco,100,4.903,1.236,0.535,0.337,0.54,0.085,0.013,Africa,2023
Morocco,107,4.795,1.213,0.471,0.495,0.631,0.082,0.042,Africa,2024
Myanmar,129,4.307,0.27108,0.70905,0.48246,0.44017,0.19034,0.79588,Asia,2015
Myanmar,119,4.395,0.34112,0.69981,0.3988,0.42692,0.20243,0.81971,Asia,2016
Myanmar,114,4.54500007629395,0.367110550403595,1.12323594093323,0.397522568702698,0.514492034912109,0.188816204667091,0.838075160980225,Asia,2017
Myanmar,130,4.308,0.682,1.174,0.429,0.58,0.178,0.598,Asia,2018
Myanmar,131,4.36,0.71,1.181,0.555,0.525,0.172,0.566,Asia,2019
Myanmar,133,4.31,0.68,1.1,0.5,0.6,0.19,0.57,Asia,2020
Myanmar,126,4.426,0.666,0.713,0.341,0.601,0.178,0.52,Asia,2021
Myanmar,126,4.394,1.038,0.829,0.491,0.513,0.194,0.452,Asia,2022
Myanmar,117,4.372,1.032,1.125,0.269,0.46,0.194,0.4,Asia,2023
Myanmar,118,4.354,0.978,0.988,0.436,0.45,0.174,0.401,Asia,2024
Nepal,121,4.514,0.35997,0.86449,0.56874,0.38282,0.05907,0.32296,Asia,2015
Nepal,107,4.793,0.44626,0.69699,0.50073,0.37012,0.07008,0.3816,Asia,2016
Nepal,99,4.96199989318848,0.479820191860199,1.17928326129913,0.504130780696869,0.440305948257446,0.0729755461215973,0.394096165895462,Asia,2017
Nepal,101,4.88,0.425,1.228,0.539,0.526,0.078,0.302,Asia,2018
Nepal,100,4.913,0.446,1.226,0.677,0.439,0.089,0.285,Asia,2019
Nepal,92,5.14,0.44,1.1,0.67,0.48,0.13,0.3,Asia,2020
Nepal,87,5.269,0.519,0.702,0.496,0.488,0.135,0.287,Asia,2021
Nepal,84,5.377,0.984,0.784,0.499,0.519,0.13,0.237,Asia,2022
Nepal,78,5.36,0.979,1.027,0.281,0.567,0.104,0.215,Asia,2023
Nepal,93,5.158,0.965,0.99,0.443,0.653,0.115,0.209,Asia,2024
Netherlands,7,7.378,1.32944,1.28017,0.89284,0.61576,0.31814,0.4761,Europe,2015
Netherlands,7,7.339,1.46468,1.02912,0.81231,0.55211,0.29927,0.47416,Europe,2016
Netherlands,6,7.3769998550415,1.50394463539124,1.42893922328949,0.810696125030518,0.585384488105774,0.282661825418472,0.470489829778671,Europe,2017
Netherlands,6,7.441,1.361,1.488,0.878,0.638,0.295,0.333,Europe,2018
Netherlands,5,7.488,1.396,1.522,0.999,0.557,0.298,0.322,Europe,2019
Netherlands,6,7.45,1.34,1.46,0.98,0.61,0.37,0.34,Europe,2020
Netherlands,5,7.464,1.501,1.079,0.753,0.647,0.384,0.302,Europe,2021
Netherlands,5,7.415,1.945,1.206,0.787,0.651,0.419,0.271,Europe,2022
Netherlands,5,7.403,1.942,1.488,0.545,0.672,0.394,0.251,Europe,2023
Netherlands,6,7.319,1.901,1.462,0.706,0.725,0.372,0.247,Europe,2024
New Zealand,9,7.286,1.25018,1.31967,0.90837,0.63938,0.42922,0.47501,Oceania,2015
New Zealand,8,7.334,1.36066,1.17278,0.83096,0.58147,0.41904,0.49401,Oceania,2016
New Zealand,8,7.31400012969971,1.40570604801178,1.54819512367249,0.816759705543518,0.614062130451202,0.382816702127457,0.500005125999451,Oceania,2017
New Zealand,8,7.324,1.268,1.601,0.876,0.669,0.389,0.365,Oceania,2018
New Zealand,8,7.307,1.303,1.557,1.026,0.585,0.38,0.33,Oceania,2019
New Zealand,8,7.3,1.24,1.49,1.01,0.65,0.46,0.33,Oceania,2020
New Zealand,9,7.277,1.4,1.094,0.785,0.665,0.445,0.276,Oceania,2021
New Zealand,10,7.2,1.852,1.235,0.752,0.68,0.483,0.245,Oceania,2022
New Zealand,10,7.123,1.842,1.544,0.513,0.672,0.471,0.23,Oceania,2023
New Zealand,11,7.029,1.81,1.527,0.673,0.746,0.48,0.226,Oceania,2024
Nicaragua,57,5.828,0.59325,1.14184,0.74314,0.55475,0.19317,0.27815,North America,2015
Nicaragua,48,5.992,0.69384,0.89521,0.65213,0.46582,0.16292,0.29773,North America,2016
Nicaragua,43,6.07100009918213,0.737299203872681,1.28721570968628,0.653095960617065,0.447551846504211,0.130687981843948,0.301674216985703,North America,2017
Nicaragua,41,6.141,0.668,1.319,0.7,0.527,0.128,0.208,North America,2018
Nicaragua,45,6.105,0.694,1.325,0.835,0.435,0.127,0.2,North America,2019
Nicaragua,46,6.14,0.62,1.27,0.8,0.56,0.17,0.21,North America,2020
Nicaragua,55,5.972,0.693,0.904,0.604,0.553,0.176,0.201,North America,2021
Nicaragua,45,6.165,1.105,1.029,0.617,0.617,0.212,0.168,North America,2022
Nicaragua,40,6.259,1.109,1.292,0.385,0.66,0.218,0.148,North America,2023
Nicaragua,43,6.284,1.097,1.263,0.542,0.793,0.251,0.133,North America,2024
Niger,144,3.845,0.0694,0.77265,0.29707,0.47692,0.15639,0.19387,Africa,2015
Niger,142,3.856,0.1327,0.6053,0.26162,0.38041,0.17176,0.2097,Africa,2016
Niger,135,4.02799987792969,0.161925330758095,0.993025004863739,0.26850500702858,0.36365869641304,0.138572946190834,0.228673845529556,Africa,2017
Niger,134,4.166,0.131,0.867,0.221,0.39,0.099,0.175,Africa,2018
Niger,114,4.628,0.138,0.774,0.366,0.318,0.102,0.188,Africa,2019
Niger,103,4.91,0.11,0.7,0.3,0.44,0.14,0.21,Africa,2020
Niger,96,5.074,0.162,0.402,0.167,0.516,0.157,0.2,Africa,2021
Niger,104,5.003,0.57,0.56,0.326,0.571,0.145,0.165,Africa,2022
Niger,109,4.501,0.561,0.628,0.137,0.54,0.14,0.154,Africa,2023
Niger,109,4.556,0.573,0.677,0.293,0.615,0.147,0.145,Africa,2024
Nigeria,78,5.268,0.65435,0.90432,0.16007,0.34334,0.0403,0.27233,Africa,2015
Nigeria,103,4.875,0.75216,0.64498,0.05108,0.27854,0.0305,0.23219,Africa,2016
Nigeria,95,5.07399988174438,0.783756256103516,1.21577048301697,0.0569157302379608,0.394952565431595,0.0261215660721064,0.230947196483612,Africa,2017
Nigeria,91,5.155,0.689,1.172,0.048,0.462,0.032,0.201,Africa,2018
Nigeria,85,5.265,0.696,1.111,0.245,0.426,0.041,0.215,Africa,2019
Nigeria,115,4.72,0.65,0.99,0.17,0.44,0.05,0.22,Africa,2020
Nigeria,116,4.759,0.663,0.625,0.051,0.433,0.039,0.212,Africa,2021
Nigeria,118,4.552,1.079,0.732,0.3,0.444,0.038,0.175,Africa,2022
Nigeria,95,4.981,1.065,1.007,0.092,0.448,0.013,0.176,Africa,2023
Nigeria,102,4.881,1.042,1.075,0.256,0.566,0.019,0.201,Africa,2024
North Macedonia,93,5.007,0.91851,1.00232,0.73545,0.33457,0.05327,0.22359,Europe,2015
North Macedonia,95,5.121,1.0193,0.78236,0.64738,0.27668,0.07047,0.23507,Europe,2016
North Macedonia,92,5.17500019073486,1.06457793712616,1.20789301395416,0.644948184490204,0.325905978679657,0.0602777935564518,0.25376096367836,Europe,2017
North Macedonia,89,5.185,0.959,1.239,0.691,0.394,0.052,0.173,Europe,2018
North Macedonia,84,5.274,0.983,1.294,0.838,0.345,0.034,0.185,Europe,2019
North Macedonia,90,5.16,0.94,1.18,0.8,0.41,0.02,0.19,Europe,2020
North Macedonia,94,5.101,1.068,0.772,0.535,0.45,0.022,0.212,Europe,2021
North Macedonia,89,5.199,1.505,0.863,0.637,0.488,0.031,0.215,Europe,2022
North Macedonia,87,5.254,1.498,1.171,0.408,0.515,0.02,0.207,Europe,2023
North Macedonia,84,5.369,1.475,1.277,0.569,0.58,0.015,0.194,Europe,2024
Norway,4,7.522,1.459,1.33095,0.88521,0.66973,0.36503,0.34699,Europe,2015
Norway,4,7.498,1.57744,1.1269,0.79579,0.59609,0.35776,0.37895,Europe,2016
Norway,1,7.53700017929077,1.61646318435669,1.53352355957031,0.796666502952576,0.635422587394714,0.315963834524155,0.36201223731041,Europe,2017
Norway,2,7.594,1.456,1.582,0.861,0.686,0.34,0.286,Europe,2018
Norway,3,7.554,1.488,1.582,1.028,0.603,0.341,0.271,Europe,2019
Norway,5,7.49,1.42,1.5,1.01,0.67,0.43,0.29,Europe,2020
Norway,6,7.392,1.543,1.108,0.782,0.703,0.427,0.249,Europe,2021
Norway,8,7.365,1.997,1.239,0.786,0.728,0.474,0.217,Europe,2022
Norway,7,7.315,1.994,1.521,0.544,0.752,0.463,0.212,Europe,2023
Norway,7,7.302,1.952,1.517,0.704,0.835,0.484,0.224,Europe,2024
Pakistan,81,5.194,0.59543,0.41411,0.51466,0.12102,0.10464,0.33671,Asia,2015
Pakistan,92,5.132,0.68816,0.26135,0.40306,0.14622,0.1388,0.31185,Asia,2016
Pakistan,80,5.26900005340576,0.72688353061676,0.672690689563751,0.402047783136368,0.23521526157856,0.124348066747189,0.315446019172668,Asia,2017
Pakistan,75,5.472,0.652,0.81,0.424,0.334,0.113,0.216,Asia,2018
Pakistan,67,5.653,0.677,0.886,0.535,0.313,0.098,0.22,Asia,2019
Pakistan,66,5.69,0.62,0.87,0.47,0.41,0.12,0.23,Asia,2020
Pakistan,105,4.934,0.637,0.423,0.322,0.418,0.097,0.252,Asia,2021
Pakistan,121,4.516,1.049,0.413,0.374,0.448,0.112,0.181,Asia,2022
Pakistan,108,4.555,1.081,0.657,0.158,0.511,0.102,0.141,Asia,2023
Pakistan,108,4.657,1.069,0.6,0.321,0.542,0.074,0.144,Asia,2024
Palestinian Territories,108,4.715,0.59867,0.92558,0.66015,0.24499,0.12905,0.11251,Asia,2015
Palestinian Territories,108,4.754,0.67024,0.71629,0.56844,0.17744,0.10613,0.11154,Asia,2016
Palestinian Territories,103,4.77500009536743,0.716249227523804,1.15564715862274,0.565666973590851,0.25471106171608,0.0892826020717621,0.114173173904419,Asia,2017
Palestinian Territories,104,4.743,0.642,1.217,0.602,0.266,0.076,0.086,Asia,2018
Palestinian Territories,110,4.696,0.657,1.247,0.672,0.225,0.066,0.103,Asia,2019
Palestinian Territories,125,4.55,0.59,1.19,0.61,0.3,0.07,0.09,Asia,2020
Palestinian Territories,125,4.517,0.646,0.819,0.434,0.33,0.075,0.082,Asia,2021
Palestinian Territories,122,4.483,1.148,0.957,0.521,0.336,0.079,0.073,Asia,2022
Palestinian Territories,99,4.908,1.144,1.309,0.521,0.416,0.067,0.065,Asia,2023
Palestinian Territories,103,4.879,1.144,1.309,0.521,0.416,0.067,0.065,Asia,2024
Panama,25,6.786,1.06353,1.1985,0.79661,0.5421,0.0927,0.24434,North America,2015
Panama,25,6.701,1.18306,0.98912,0.70835,0.48927,0.08423,0.2418,North America,2016
Panama,30,6.4520001411438,1.23374843597412,1.37319254875183,0.706156134605408,0.550026834011078,0.070983923971653,0.21055693924427,North America,2017
Panama,27,6.43,1.112,1.438,0.759,0.597,0.063,0.125,North America,2018
Panama,31,6.321,1.149,1.442,0.91,0.516,0.054,0.109,North America,2019
Panama,36,6.3,1.1,1.38,0.88,0.58,0.05,0.1,North America,2020
Panama,41,6.18,1.298,0.976,0.667,0.596,0.053,0.079,North America,2021
Panama,37,6.309,1.715,1.107,0.709,0.592,0.051,0.049,North America,2022
Panama,38,6.265,1.714,1.402,0.475,0.63,0.036,0.065,North America,2023
Panama,39,6.358,1.702,1.392,0.633,0.72,0.043,0.063,North America,2024
Paraguay,53,5.878,0.75985,1.30477,0.66098,0.53899,0.08242,0.3424,South America,2015
Paraguay,70,5.538,0.89373,1.11111,0.58295,0.46235,0.07396,0.25296,South America,2016
Paraguay,70,5.49300003051758,0.932537317276001,1.50728487968445,0.579250693321228,0.473507791757584,0.091065913438797,0.224150657653809,South America,2017
Paraguay,64,5.681,0.835,1.522,0.615,0.541,0.074,0.162,South America,2018
Paraguay,63,5.743,0.855,1.475,0.777,0.514,0.08,0.184,South America,2019
Paraguay,67,5.69,0.9,1.37,0.74,0.59,0.07,0.2,South America,2020
Paraguay,71,5.653,0.983,0.97,0.549,0.602,0.037,0.206,South America,2021
Paraguay,73,5.578,1.409,1.13,0.624,0.629,0.059,0.171,South America,2022
Paraguay,66,5.738,1.428,1.427,0.392,0.678,0.062,0.148,South America,2023
Paraguay,57,5.977,1.398,1.408,0.549,0.788,0.065,0.131,South America,2024
Peru,58,5.824,0.90019,0.97459,0.73017,0.41496,0.05989,0.14982,South America,2015
Peru,64,5.743,0.99602,0.81255,0.62994,0.37502,0.05292,0.14527,South America,2016
Peru,63,5.71500015258789,1.03522527217865,1.21877038478851,0.630166113376617,0.450002878904343,0.0470490865409374,0.126819714903831,South America,2017
Peru,65,5.663,0.934,1.249,0.674,0.53,0.034,0.092,South America,2018
Peru,65,5.697,0.96,1.274,0.854,0.455,0.027,0.083,South America,2019
Peru,63,5.8,0.92,1.21,0.82,0.51,0.03,0.09,South America,2020
Peru,63,5.84,0.986,0.833,0.623,0.536,0.031,0.087,South America,2021
Peru,74,5.559,1.397,0.865,0.735,0.545,0.037,0.09,South America,2022
Peru,75,5.526,1.39,1.153,0.499,0.549,0.027,0.073,South America,2023
Peru,68,5.841,1.371,1.18,0.662,0.615,0.029,0.078,South America,2024
Philippines,90,5.073,0.70532,1.03516,0.58114,0.62545,0.12279,0.24991,Asia,2015
Philippines,82,5.279,0.81217,0.87877,0.47036,0.54854,0.11757,0.21674,Asia,2016
Philippines,72,5.42999982833862,0.85769921541214,1.25391757488251,0.468009054660797,0.585214674472809,0.0993318930268288,0.193513423204422,Asia,2017
Philippines,71,5.524,0.775,1.312,0.513,0.643,0.105,0.12,Asia,2018
Philippines,69,5.631,0.807,1.293,0.657,0.558,0.107,0.117,Asia,2019
Philippines,52,6.01,0.78,1.25,0.6,0.62,0.13,0.13,Asia,2020
Philippines,61,5.88,0.853,0.828,0.426,0.651,0.126,0.125,Asia,2021
Philippines,60,5.904,1.268,0.912,0.514,0.678,0.142,0.107,Asia,2022
Philippines,76,5.523,1.238,1.108,0.286,0.714,0.141,0.104,Asia,2023
Philippines,53,6.048,1.232,1.146,0.441,0.826,0.136,0.099,Asia,2024
Poland,60,5.791,1.12555,1.27948,0.77903,0.53122,0.04212,0.16759,Europe,2015
Poland,57,5.835,1.24585,1.04685,0.69058,0.4519,0.055,0.14443,Europe,2016
Poland,46,5.97300004959106,1.29178786277771,1.44571197032928,0.699475347995758,0.520342111587524,0.0593078061938286,0.158465966582298,Europe,2017
Poland,42,6.123,1.176,1.448,0.781,0.546,0.064,0.108,Europe,2018
Poland,40,6.182,1.206,1.438,0.884,0.483,0.05,0.117,Europe,2019
Poland,43,6.19,1.17,1.31,0.87,0.56,0.16,0.06,Europe,2020
Poland,44,6.166,1.309,0.982,0.668,0.558,0.13,0.08,Europe,2021
Poland,48,6.123,1.758,1.174,0.712,0.523,0.14,0.124,Europe,2022
Poland,39,6.26,1.767,1.474,0.477,0.511,0.139,0.12,Europe,2023
Poland,35,6.442,1.738,1.417,0.639,0.6,0.175,0.081,Europe,2024
Portugal,88,5.102,1.15991,1.13935,0.87519,0.51469,0.01078,0.13719,Europe,2015
Portugal,94,5.123,1.27607,0.94367,0.79363,0.44727,0.01521,0.11691,Europe,2016
Portugal,89,5.19500017166138,1.3151752948761,1.36704301834106,0.795843541622162,0.498465299606323,0.0158694516867399,0.0951027125120163,Europe,2017
Portugal,77,5.41,1.188,1.429,0.884,0.562,0.017,0.055,Europe,2018
Portugal,66,5.693,1.221,1.431,0.999,0.508,0.025,0.047,Europe,2019
Portugal,59,5.91,1.17,1.34,0.98,0.59,0.03,0.05,Europe,2020
Portugal,58,5.929,1.323,0.939,0.76,0.621,0.033,0.029,Europe,2021
Portugal,56,6.016,1.76,1.078,0.777,0.655,0.039,0.016,Europe,2022
Portugal,56,5.968,1.758,1.356,0.537,0.693,0.037,0.031,Europe,2023
Portugal,55,6.03,1.728,1.368,0.699,0.757,0.035,0.047,Europe,2024
Romania,86,5.124,1.04345,0.88588,0.7689,0.35068,0.00649,0.13748,Europe,2015
Romania,71,5.528,1.1697,0.72803,0.67602,0.36712,0.00679,0.12889,Europe,2016
Romania,57,5.82499980926514,1.21768391132355,1.15009129047394,0.685158312320709,0.457003742456436,0.00438790069893,0.133519917726517,Europe,2017
Romania,52,5.945,1.116,1.219,0.726,0.528,0.001,0.088,Europe,2018
Romania,48,6.07,1.162,1.232,0.825,0.462,0.005,0.083,Europe,2019
Romania,47,6.12,1.12,1.19,0.79,0.53,0.0,0.07,Europe,2020
Romania,46,6.14,1.275,0.832,0.595,0.564,0.001,0.045,Europe,2021
Romania,28,6.477,1.719,1.006,0.655,0.605,0.006,0.039,Europe,2022
Romania,24,6.589,1.726,1.28,0.423,0.631,0.0,0.044,Europe,2023
Romania,32,6.491,1.699,1.236,0.583,0.717,0.006,0.041,Europe,2024
Russia,64,5.716,1.13764,1.23617,0.66926,0.36679,0.03005,0.00199,Europe,2015
Russia,56,5.856,1.23228,1.05261,0.58991,0.32682,0.03586,0.02736,Europe,2016
Russia,49,5.96299982070923,1.28177809715271,1.46928238868713,0.547349333763123,0.373783111572266,0.0329628810286522,0.0522638224065304,Europe,2017
Russia,59,5.81,1.151,1.479,0.599,0.399,0.025,0.065,Europe,2018
Russia,68,5.648,1.183,1.452,0.726,0.334,0.031,0.082,Europe,2019
Russia,73,5.55,1.13,1.38,0.68,0.4,0.05,0.1,Europe,2020
Russia,76,5.477,1.241,0.992,0.511,0.409,0.06,0.115,Europe,2021
Russia,80,5.459,1.685,1.095,0.586,0.401,0.08,0.117,Europe,2022
Russia,70,5.661,1.68,1.383,0.366,0.449,0.091,0.12,Europe,2023
Russia,72,5.785,1.642,1.351,0.531,0.551,0.121,0.138,Europe,2024
Saudi Arabia,35,6.411,1.39541,1.08393,0.72025,0.31048,0.32524,0.13706,Asia,2015
Saudi Arabia,34,6.379,1.48953,0.84829,0.59267,0.37904,0.30008,0.15457,Asia,2016
Saudi Arabia,37,6.3439998626709,1.53062355518341,1.28667759895325,0.590148329734802,0.449750572443008,0.27343225479126,0.147616013884544,Asia,2017
Saudi Arabia,33,6.371,1.379,1.331,0.633,0.509,0.127,0.098,Asia,2018
Saudi Arabia,28,6.375,1.403,1.357,0.795,0.439,0.132,0.08,Asia,2019
Saudi Arabia,27,6.41,1.33,1.31,0.76,0.55,0.16,0.09,Asia,2020
Saudi Arabia,26,6.494,1.435,0.964,0.571,0.603,0.163,0.09,Asia,2021
Saudi Arabia,25,6.523,1.87,1.092,0.577,0.651,0.18,0.078,Asia,2022
Saudi Arabia,30,6.463,1.861,1.37,0.351,0.682,0.17,0.093,Asia,2023
Saudi Arabia,28,6.594,1.842,1.361,0.511,0.787,0.188,0.114,Asia,2024
Senegal,142,3.904,0.36498,0.97619,0.4354,0.36772,0.10713,0.20843,Africa,2015
Senegal,128,4.219,0.44314,0.77416,0.40457,0.31056,0.11681,0.19103,Africa,2016
Senegal,115,4.53499984741211,0.479309022426605,1.17969191074371,0.409362852573395,0.377922266721725,0.115460447967052,0.183468893170357,Africa,2017
Senegal,109,4.631,0.429,1.117,0.433,0.406,0.082,0.138,Africa,2018
Senegal,111,4.681,0.45,1.134,0.571,0.292,0.072,0.153,Africa,2019
Senegal,101,4.98,0.5,0.95,0.52,0.35,0.08,0.16,Africa,2020
Senegal,92,5.132,0.518,0.558,0.357,0.381,0.088,0.158,Africa,2021
Senegal,103,5.046,0.933,0.53,0.447,0.494,0.081,0.143,Africa,2022
Senegal,102,4.855,0.943,0.727,0.231,0.519,0.06,0.142,Africa,2023
Senegal,99,4.969,0.927,0.751,0.392,0.607,0.069,0.152,Africa,2024
Serbia,87,5.123,0.92053,1.00964,0.74836,0.20107,0.02617,0.19231,Europe,2015
Serbia,86,5.177,1.03437,0.81329,0.6458,0.15718,0.04339,0.20737,Europe,2016
Serbia,73,5.39499998092651,1.06931757926941,1.25818979740143,0.65078467130661,0.208715528249741,0.0409037806093693,0.220125883817673,Europe,2017
Serbia,78,5.398,0.975,1.369,0.685,0.288,0.043,0.134,Europe,2018
Serbia,70,5.603,1.004,1.383,0.854,0.282,0.039,0.137,Europe,2019
Serbia,64,5.78,0.99,1.33,0.83,0.4,0.06,0.15,Europe,2020
Serbia,48,6.078,1.101,0.924,0.634,0.482,0.066,0.189,Europe,2021
Serbia,43,6.178,1.55,1.086,0.658,0.546,0.088,0.219,Europe,2022
Serbia,45,6.144,1.552,1.343,0.424,0.617,0.081,0.246,Europe,2023
Serbia,37,6.411,1.538,1.391,0.585,0.663,0.101,0.2,Europe,2024
Sierra Leone,123,4.507,0.33024,0.95571,0.0,0.4084,0.08786,0.21488,Africa,2015
Sierra Leone,111,4.635,0.36485,0.628,0.0,0.30685,0.08196,0.23897,Africa,2016
Sierra Leone,106,4.70900011062622,0.36842092871666,0.984136044979095,0.0055647538974881,0.318697690963745,0.0710951760411263,0.293040901422501,Africa,2017
Sierra Leone,113,4.571,0.256,0.813,0.0,0.355,0.053,0.238,Africa,2018
Sierra Leone,129,4.374,0.268,0.841,0.242,0.309,0.045,0.252,Africa,2019
Sierra Leone,139,3.93,0.24,0.75,0.2,0.38,0.05,0.26,Africa,2020
Sierra Leone,138,3.849,0.279,0.377,0.1,0.408,0.047,0.243,Africa,2021
Sierra Leone,140,3.574,0.686,0.416,0.273,0.387,0.055,0.202,Africa,2022
Sierra Leone,135,3.138,0.67,0.54,0.092,0.371,0.051,0.193,Africa,2023
Sierra Leone,140,3.245,0.654,0.566,0.253,0.469,0.053,0.181,Africa,2024
Singapore,24,6.798,1.52186,1.02,1.02525,0.54252,0.4921,0.31105,Asia,2015
Singapore,22,6.739,1.64555,0.86758,0.94719,0.4877,0.46987,0.32706,Asia,2016
Singapore,26,6.57200002670288,1.69227766990662,1.35381436347961,0.949492394924164,0.549840569496155,0.46430778503418,0.345965981483459,Asia,2017
Singapore,34,6.343,1.529,1.451,1.008,0.631,0.457,0.261,Asia,2018
Singapore,34,6.262,1.572,1.463,1.141,0.556,0.453,0.271,Asia,2019
Singapore,31,6.38,1.52,1.4,1.14,0.64,0.53,0.22,Asia,2020
Singapore,32,6.377,1.695,1.019,0.897,0.664,0.547,0.176,Asia,2021
Singapore,27,6.48,2.149,1.127,0.851,0.672,0.587,0.163,Asia,2022
Singapore,25,6.587,2.168,1.354,0.607,0.66,0.561,0.17,Asia,2023
Singapore,30,6.523,2.118,1.361,0.769,0.743,0.575,0.168,Asia,2024
Slovakia,45,5.995,1.16891,1.26999,0.78902,0.31751,0.03431,0.16893,Europe,2015
Slovakia,45,6.078,1.27973,1.08268,0.70367,0.23391,0.02947,0.13837,Europe,2016
Slovakia,40,6.09800004959106,1.32539355754852,1.50505924224854,0.712732911109924,0.295817464590073,0.0242108516395092,0.136544480919838,Europe,2017
Slovakia,39,6.173,1.21,1.537,0.776,0.354,0.014,0.118,Europe,2018
Slovakia,38,6.198,1.246,1.504,0.881,0.334,0.014,0.121,Europe,2019
Slovakia,37,6.28,1.19,1.42,0.85,0.42,0.01,0.12,Europe,2020
Slovakia,34,6.331,1.304,1.066,0.653,0.468,0.018,0.107,Europe,2021
Slovakia,35,6.391,1.736,1.232,0.707,0.479,0.025,0.118,Europe,2022
Slovakia,29,6.469,1.731,1.544,0.472,0.494,0.022,0.128,Europe,2023
Slovakia,45,6.257,1.706,1.54,0.638,0.566,0.058,0.096,Europe,2024
Slovenia,55,5.848,1.18498,1.27385,0.87337,0.60855,0.03787,0.25328,Europe,2015
Slovenia,63,5.768,1.29947,1.05613,0.79151,0.53164,0.03635,0.25738,Europe,2016
Slovenia,62,5.75799989700317,1.3412059545517,1.45251882076263,0.790828227996826,0.572575807571411,0.0451289787888527,0.242649093270302,Europe,2017
Slovenia,51,5.948,1.219,1.506,0.856,0.633,0.051,0.16,Europe,2018
Slovenia,44,6.118,1.258,1.523,0.953,0.564,0.057,0.144,Europe,2019
Slovenia,33,6.36,1.21,1.46,0.93,0.65,0.08,0.15,Europe,2020
Slovenia,29,6.461,1.36,1.093,0.722,0.69,0.085,0.122,Europe,2021
Slovenia,22,6.63,1.81,1.249,0.769,0.685,0.115,0.118,Europe,2022
Slovenia,22,6.65,1.815,1.539,0.532,0.707,0.113,0.144,Europe,2023
Slovenia,21,6.743,1.786,1.502,0.695,0.789,0.131,0.157,Europe,2024
South Africa,113,4.642,0.92049,1.18468,0.27688,0.33207,0.08884,0.11973,Africa,2015
South Africa,116,4.459,1.02416,0.96053,0.18611,0.42483,0.08415,0.13656,Africa,2016
South Africa,101,4.8289999961853,1.05469870567322,1.38478863239288,0.187080070376396,0.479246735572815,0.0725094974040985,0.139362379908562,Africa,2017
South Africa,105,4.724,0.94,1.41,0.33,0.516,0.056,0.103,Africa,2018
South Africa,106,4.722,0.96,1.351,0.469,0.389,0.055,0.13,Africa,2019
South Africa,109,4.81,0.9,1.26,0.41,0.43,0.06,0.13,Africa,2020
South Africa,103,4.956,0.967,0.895,0.265,0.447,0.051,0.144,Africa,2021
South Africa,91,5.194,1.425,1.088,0.361,0.442,0.046,0.089,Africa,2022
South Africa,85,5.275,1.417,1.428,0.149,0.464,0.019,0.09,Africa,2023
South Africa,83,5.422,1.389,1.369,0.322,0.537,0.034,0.078,Africa,2024
South Korea,47,5.984,1.24461,0.95774,0.96538,0.33208,0.07857,0.18557,Asia,2015
South Korea,57,5.835,1.35948,0.72194,0.88645,0.25168,0.07716,0.18824,Asia,2016
South Korea,55,5.83799982070923,1.40167844295502,1.12827444076538,0.900214076042175,0.257921665906906,0.0632826685905457,0.206674367189407,Asia,2017
South Korea,57,5.875,1.266,1.204,0.955,0.244,0.051,0.175,Asia,2018
South Korea,54,5.895,1.301,1.219,1.036,0.159,0.056,0.175,Asia,2019
South Korea,61,5.87,1.25,1.13,1.02,0.26,0.09,0.17,Asia,2020
South Korea,62,5.845,1.403,0.758,0.801,0.353,0.135,0.134,Asia,2021
South Korea,59,5.935,1.851,0.886,0.841,0.414,0.176,0.111,Asia,2022
South Korea,57,5.951,1.853,1.188,0.603,0.446,0.163,0.112,Asia,2023
South Korea,52,6.058,1.815,1.178,0.77,0.555,0.158,0.126,Asia,2024
Spain,36,6.329,1.23011,1.31379,0.95562,0.45951,0.06398,0.18227,Europe,2015
Spain,37,6.361,1.34253,1.12945,0.87896,0.37545,0.06137,0.17665,Europe,2016
Spain,34,6.40299987792969,1.38439786434174,1.53209090232849,0.888960599899292,0.408781230449677,0.0709140971302986,0.190133571624756,Europe,2017
Spain,36,6.31,1.251,1.538,0.965,0.449,0.074,0.142,Europe,2018
Spain,30,6.354,1.286,1.484,1.062,0.362,0.079,0.153,Europe,2019
Spain,28,6.4,1.23,1.42,1.05,0.43,0.11,0.17,Europe,2020
Spain,27,6.491,1.375,1.057,0.826,0.462,0.124,0.135,Europe,2021
Spain,29,6.476,1.808,1.211,0.808,0.505,0.149,0.101,Europe,2022
Spain,32,6.436,1.798,1.491,0.567,0.533,0.157,0.101,Europe,2023
Spain,36,6.421,1.766,1.471,0.729,0.619,0.177,0.119,Europe,2024
Sri Lanka,132,4.271,0.83524,1.01905,0.70806,0.53726,0.09179,0.40828,Asia,2015
Sri Lanka,117,4.415,0.97318,0.84783,0.62007,0.50817,0.07964,0.46978,Asia,2016
Sri Lanka,120,4.44000005722046,1.00985014438629,1.25997638702393,0.625130832195282,0.561213254928589,0.0736539661884308,0.490863561630249,Asia,2017
Sri Lanka,116,4.471,0.918,1.314,0.672,0.585,0.05,0.307,Asia,2018
Sri Lanka,130,4.366,0.949,1.265,0.831,0.47,0.047,0.244,Asia,2019
Sri Lanka,130,4.33,0.9,1.19,0.79,0.53,0.05,0.25,Asia,2020
Sri Lanka,129,4.325,0.99,0.82,0.593,0.559,0.049,0.239,Asia,2021
Sri Lanka,127,4.362,1.415,0.934,0.66,0.529,0.079,0.15,Asia,2022
Sri Lanka,112,4.442,1.422,1.224,0.426,0.539,0.086,0.12,Asia,2023
Sri Lanka,128,3.898,1.361,1.179,0.586,0.583,0.031,0.144,Asia,2024
Sweden,8,7.364,1.33171,1.28907,0.91087,0.6598,0.43844,0.36262,Europe,2015
Sweden,10,7.291,1.45181,1.08764,0.83121,0.58218,0.40867,0.38254,Europe,2016
Sweden,9,7.28399991989136,1.49438726902008,1.47816216945648,0.830875158309937,0.612924098968506,0.384398728609085,0.385399252176285,Europe,2017
Sweden,9,7.314,1.355,1.501,0.913,0.659,0.383,0.285,Europe,2018
Sweden,7,7.343,1.387,1.487,1.009,0.574,0.373,0.267,Europe,2019
Sweden,7,7.35,1.32,1.43,0.99,0.65,0.44,0.27,Europe,2020
Sweden,7,7.363,1.478,1.062,0.763,0.685,0.448,0.244,Europe,2021
Sweden,7,7.384,1.92,1.204,0.803,0.724,0.512,0.218,Europe,2022
Sweden,6,7.395,1.921,1.51,0.562,0.754,0.52,0.225,Europe,2023
Sweden,4,7.344,1.878,1.501,0.724,0.838,0.524,0.221,Europe,2024
Switzerland,1,7.587,1.39651,1.34951,0.94143,0.66557,0.41978,0.29678,Europe,2015
Switzerland,2,7.509,1.52733,1.14524,0.86303,0.58557,0.41203,0.28083,Europe,2016
Switzerland,4,7.49399995803833,1.56497955322266,1.51691174507141,0.858131289482117,0.620070576667786,0.367007285356522,0.290549278259277,Europe,2017
Switzerland,5,7.487,1.42,1.549,0.927,0.66,0.357,0.256,Europe,2018
Switzerland,6,7.48,1.452,1.526,1.052,0.572,0.343,0.263,Europe,2019
Switzerland,3,7.56,1.39,1.47,1.04,0.63,0.41,0.27,Europe,2020
Switzerland,3,7.571,1.566,1.079,0.816,0.653,0.413,0.204,Europe,2021
Switzerland,4,7.512,2.026,1.226,0.822,0.677,0.461,0.147,Europe,2022
Switzerland,8,7.24,2.022,1.463,0.582,0.678,0.475,0.151,Europe,2023
Switzerland,9,7.06,1.97,1.425,0.747,0.759,0.498,0.173,Europe,2024
Taiwan,38,6.298,1.29098,1.07617,0.8753,0.3974,0.08129,0.25376,Asia,2015
Taiwan,34,6.379,1.39729,0.92624,0.79565,0.32377,0.0663,0.25495,Asia,2016
Taiwan,33,6.42199993133545,1.43362653255463,1.38456535339355,0.793984234333038,0.361466586589813,0.0638292357325554,0.258360475301743,Asia,2017
Taiwan,26,6.441,1.365,1.436,0.857,0.418,0.078,0.151,Asia,2018
Taiwan,25,6.446,1.368,1.43,0.914,0.351,0.097,0.242,Asia,2019
Taiwan,25,6.46,1.33,1.36,0.88,0.45,0.13,0.15,Asia,2020
Taiwan,24,6.584,1.48,0.982,0.665,0.49,0.139,0.142,Asia,2021
Taiwan,26,6.512,1.897,1.095,0.733,0.542,0.168,0.075,Asia,2022
Taiwan,27,6.535,1.89,1.372,0.492,0.562,0.178,0.067,Asia,2023
Taiwan,31,6.503,1.842,1.346,0.65,0.649,0.202,0.068,Asia,2024
Tajikistan,106,4.786,0.39047,0.85563,0.57379,0.47216,0.15072,0.22974,Asia,2015
Tajikistan,100,4.996,0.48835,0.75602,0.53119,0.43408,0.13509,0.25998,Asia,2016
Tajikistan,96,5.04099988937378,0.524713635444641,1.27146327495575,0.529235124588013,0.471566706895828,0.146377146244049,0.248997643589973,Asia,2017
Tajikistan,88,5.199,0.474,1.166,0.598,0.292,0.034,0.187,Asia,2018
Tajikistan,74,5.467,0.493,1.098,0.718,0.389,0.144,0.23,Asia,2019
Tajikistan,71,5.56,0.47,1.22,0.68,0.52,0.22,0.18,Asia,2020
Tajikistan,78,5.466,0.508,0.895,0.498,0.548,0.247,0.152,Asia,2021
Tajikistan,83,5.377,0.966,1.005,0.518,0.572,0.304,0.118,Asia,2022
Tajikistan,80,5.33,0.972,1.248,0.291,0.599,0.292,0.104,Asia,2023
Tajikistan,88,5.281,0.972,1.248,0.291,0.599,0.292,0.104,Asia,2024
Tanzania,146,3.781,0.2852,1.00268,0.38215,0.32878,0.05747,0.34377,Africa,2015
Tanzania,149,3.666,0.47155,0.77623,0.357,0.3176,0.05099,0.31472,Africa,2016
Tanzania,153,3.34899997711182,0.511135876178741,1.04198980331421,0.364509284496307,0.390017777681351,0.0660351067781448,0.354256361722946,Africa,2017
Tanzania,153,3.303,0.455,0.991,0.381,0.481,0.097,0.27,Africa,2018
Tanzania,153,3.231,0.476,0.885,0.499,0.417,0.147,0.276,Africa,2019
Tanzania,148,3.48,0.46,0.87,0.44,0.51,0.2,0.27,Africa,2020
Tanzania,142,3.623,0.433,0.54,0.3,0.549,0.231,0.307,Africa,2021
Tanzania,139,3.702,0.848,0.597,0.425,0.578,0.27,0.248,Africa,2022
Tanzania,129,3.694,0.836,0.787,0.214,0.607,0.269,0.234,Africa,2023
Tanzania,131,3.781,0.82,0.706,0.38,0.709,0.257,0.191,Africa,2024
Thailand,34,6.455,0.9669,1.26504,0.7385,0.55664,0.03187,0.5763,Asia,2015
Thailand,33,6.474,1.0893,1.04477,0.64915,0.49553,0.02833,0.58696,Asia,2016
Thailand,32,6.42399978637695,1.12786877155304,1.42579245567322,0.647239029407501,0.580200731754303,0.0316127352416515,0.572123110294342,Asia,2017
Thailand,46,6.072,1.016,1.417,0.707,0.637,0.029,0.364,Asia,2018
Thailand,52,6.008,1.05,1.409,0.828,0.557,0.028,0.359,Asia,2019
Thailand,54,6.0,1.01,1.35,0.79,0.61,0.03,0.38,Asia,2020
Thailand,54,5.985,1.107,0.957,0.596,0.611,0.028,0.375,Asia,2021
Thailand,61,5.891,1.535,1.096,0.697,0.617,0.026,0.321,Asia,2022
Thailand,60,5.843,1.515,1.344,0.461,0.624,0.013,0.291,Asia,2023
Thailand,58,5.976,1.484,1.347,0.62,0.756,0.024,0.283,Asia,2024
Togo,158,2.839,0.20868,0.13995,0.28443,0.36453,0.10731,0.16681,Africa,2015
Togo,155,3.303,0.28123,0.0,0.24811,0.34678,0.11587,0.17517,Africa,2016
Togo,150,3.49499988555908,0.305444717407227,0.431882530450821,0.247105568647385,0.38042613863945,0.0956650152802467,0.196896150708199,Africa,2017
Togo,139,3.999,0.259,0.474,0.253,0.434,0.101,0.158,Africa,2018
Togo,139,4.085,0.275,0.572,0.41,0.293,0.085,0.177,Africa,2019
Togo,135,4.19,0.27,0.55,0.34,0.3,0.11,0.2,Africa,2020
Togo,136,4.107,0.254,0.239,0.203,0.289,0.107,0.209,Africa,2021
Togo,135,4.112,0.771,0.322,0.36,0.292,0.132,0.174,Africa,2022
Togo,122,4.137,0.77,0.642,0.161,0.367,0.136,0.149,Africa,2023
Togo,124,4.214,0.758,0.586,0.32,0.453,0.156,0.127,Africa,2024
Tunisia,107,4.739,0.88113,0.60429,0.73793,0.26268,0.06358,0.06431,Africa,2015
Tunisia,98,5.045,0.97724,0.43165,0.59577,0.23553,0.0817,0.03936,Africa,2016
Tunisia,102,4.80499982833862,1.00726580619812,0.868351459503174,0.613212049007416,0.289680689573288,0.0867231488227844,0.0496933571994305,Africa,2017
Tunisia,111,4.592,0.9,0.906,0.69,0.271,0.063,0.04,Africa,2018
Tunisia,124,4.461,0.921,1.0,0.815,0.167,0.055,0.059,Africa,2019
Tunisia,128,4.39,0.87,0.87,0.78,0.24,0.04,0.06,Africa,2020
Tunisia,122,4.596,0.919,0.515,0.59,0.334,0.044,0.057,Africa,2021
Tunisia,120,4.516,1.35,0.596,0.656,0.316,0.029,0.029,Africa,2022
Tunisia,110,4.497,1.333,0.981,0.422,0.259,0.016,0.022,Africa,2023
Tunisia,115,4.422,1.306,0.955,0.579,0.254,0.018,0.024,Africa,2024
Turkiye,76,5.332,1.06098,0.94632,0.73172,0.22815,0.15746,0.12253,Asia,2015
Turkiye,78,5.389,1.16492,0.87717,0.64718,0.23889,0.12348,0.04707,Asia,2016
Turkiye,69,5.5,1.19827437400818,1.33775317668915,0.637605607509613,0.300740599632263,0.0996715798974037,0.0466930419206619,Asia,2017
Turkiye,74,5.483,1.148,1.38,0.686,0.324,0.109,0.106,Asia,2018
Turkiye,79,5.373,1.183,1.36,0.808,0.195,0.106,0.083,Asia,2019
Turkiye,93,5.13,1.13,1.2,0.78,0.25,0.12,0.09,Asia,2020
Turkiye,104,4.948,1.26,0.809,0.59,0.236,0.104,0.097,Asia,2021
Turkiye,112,4.744,1.707,0.865,0.702,0.209,0.115,0.087,Asia,2022
Turkiye,106,4.614,1.714,1.148,0.467,0.125,0.096,0.095,Asia,2023
Turkiye,98,4.975,1.702,1.175,0.631,0.202,0.115,0.068,Asia,2024
Uganda,141,3.931,0.21102,1.13299,0.33861,0.45727,0.07267,0.29066,Africa,2015
Uganda,145,3.739,0.34719,0.90981,0.19625,0.43653,0.06442,0.27102,Africa,2016
Uganda,133,4.08099985122681,0.381430715322495,1.12982773780823,0.217632606625557,0.443185955286026,0.057069718837738,0.325766056776047,Africa,2017
Uganda,135,4.161,0.322,1.09,0.237,0.45,0.061,0.259,Africa,2018
Uganda,136,4.189,0.332,1.069,0.443,0.356,0.06,0.252,Africa,2019
Uganda,126,4.43,0.31,1.05,0.38,0.4,0.06,0.26,Africa,2020
Uganda,119,4.636,0.364,0.718,0.24,0.398,0.054,0.267,Africa,2021
Uganda,117,4.603,0.777,0.875,0.418,0.402,0.066,0.222,Africa,2022
Uganda,113,4.432,0.785,1.144,0.201,0.425,0.051,0.197,Africa,2023
Uganda,117,4.372,0.772,1.151,0.373,0.587,0.054,0.178,Africa,2024
Ukraine,111,4.681,0.79907,1.20278,0.6739,0.25123,0.02961,0.15275,Europe,2015
Ukraine,123,4.324,0.87287,1.01413,0.58628,0.12859,0.01829,0.20363,Europe,2016
Ukraine,132,4.09600019454956,0.89465194940567,1.39453756809235,0.575903952121735,0.122974775731564,0.0230294708162546,0.270061463117599,Europe,2017
Ukraine,138,4.103,0.793,1.413,0.609,0.163,0.011,0.187,Europe,2018
Ukraine,133,4.332,0.82,1.39,0.739,0.178,0.01,0.187,Europe,2019
Ukraine,123,4.56,0.78,1.32,0.7,0.32,0.01,0.18,Europe,2020
Ukraine,110,4.875,0.979,0.958,0.517,0.417,0.01,0.181,Europe,2021
Ukraine,98,5.084,1.411,1.081,0.583,0.473,0.017,0.188,Europe,2022
Ukraine,92,5.071,1.358,1.354,0.355,0.551,0.016,0.265,Europe,2023
Ukraine,105,4.873,1.35,1.315,0.513,0.631,0.025,0.285,Europe,2024
United Arab Emirates,20,6.901,1.42727,1.12575,0.80925,0.64157,0.38583,0.26428,Asia,2015
United Arab Emirates,28,6.573,1.57352,0.87114,0.72993,0.56215,0.35561,0.26591,Asia,2016
United Arab Emirates,21,6.64799976348877,1.62634336948395,1.26641023159027,0.726798236370087,0.60834527015686,0.324489563703537,0.3609419465065,Asia,2017
United Arab Emirates,20,6.774,2.096,0.776,0.67,0.284,0.324489563703537,0.186,Asia,2018
United Arab Emirates,21,6.825,1.503,1.31,0.825,0.598,0.182,0.262,Asia,2019
United Arab Emirates,21,6.79,1.43,1.25,0.79,0.65,0.22,0.28,Asia,2020
United Arab Emirates,25,6.561,1.555,0.86,0.594,0.67,0.223,0.236,Asia,2021
United Arab Emirates,24,6.576,1.998,0.98,0.633,0.702,0.25,0.204,Asia,2022
United Arab Emirates,26,6.571,2.015,1.223,0.401,0.745,0.247,0.188,Asia,2023
United Arab Emirates,22,6.733,1.983,1.164,0.563,0.815,0.258,0.209,Asia,2024
United Kingdom,21,6.867,1.26637,1.28548,0.90943,0.59625,0.32067,0.51912,Europe,2015
United Kingdom,23,6.725,1.40283,1.08672,0.80991,0.50036,0.27399,0.50156,Europe,2016
United Kingdom,19,6.71400022506714,1.44163393974304,1.49646008014679,0.805335938930511,0.508190035820007,0.265428066253662,0.492774158716202,Europe,2017
United Kingdom,11,7.19,1.244,1.433,0.888,0.464,0.082,0.262,Europe,2018
United Kingdom,15,7.054,1.333,1.538,0.996,0.45,0.278,0.348,Europe,2019
United Kingdom,13,7.16,1.27,1.46,0.98,0.53,0.32,0.37,Europe,2020
United Kingdom,17,7.064,1.423,1.062,0.757,0.58,0.306,0.34,Europe,2021
United Kingdom,17,6.943,1.867,1.143,0.75,0.597,0.329,0.289,Europe,2022
United Kingdom,19,6.796,1.857,1.366,0.511,0.626,0.34,0.272,Europe,2023
United Kingdom,20,6.749,1.822,1.326,0.672,0.713,0.351,0.267,Europe,2024
United States,15,7.119,1.39451,1.24711,0.86179,0.54604,0.1589,0.40105,North America,2015
United States,13,7.104,1.50796,1.04782,0.779,0.48163,0.14868,0.41077,North America,2016
United States,14,6.99300003051758,1.54625928401947,1.41992056369781,0.77428662776947,0.505740523338318,0.135638788342476,0.392578780651093,North America,2017
United States,18,6.886,1.398,1.471,0.819,0.547,0.133,0.291,North America,2018
United States,19,6.892,1.433,1.457,0.874,0.454,0.128,0.28,North America,2019
United States,18,6.94,1.37,1.4,0.83,0.53,0.15,0.3,North America,2020
United States,19,6.951,1.533,1.03,0.621,0.554,0.154,0.252,North America,2021
United States,16,6.977,1.982,1.182,0.628,0.574,0.177,0.22,North America,2022
United States,15,6.894,1.98,1.46,0.39,0.557,0.172,0.21,North America,2023
United States,23,6.725,1.939,1.392,0.542,0.586,0.169,0.223,North America,2024
Uruguay,32,6.485,1.06166,1.2089,0.8116,0.60362,0.24558,0.2324,South America,2015
Uruguay,29,6.545,1.18157,1.03143,0.72183,0.54388,0.21394,0.18056,South America,2016
Uruguay,28,6.4539999961853,1.21755969524384,1.41222786903381,0.719216823577881,0.57939225435257,0.178061872720718,0.175096929073334,South America,2017
Uruguay,31,6.379,1.093,1.459,0.771,0.625,0.155,0.13,South America,2018
Uruguay,33,6.293,1.124,1.465,0.891,0.523,0.15,0.127,South America,2019
Uruguay,26,6.44,1.07,1.43,0.86,0.59,0.19,0.13,South America,2020
Uruguay,31,6.431,1.164,1.042,0.649,0.625,0.223,0.128,South America,2021
Uruguay,30,6.474,1.615,1.18,0.672,0.665,0.265,0.103,South America,2022
Uruguay,28,6.494,1.617,1.445,0.435,0.683,0.254,0.102,South America,2023
Uruguay,26,6.611,1.596,1.431,0.592,0.775,0.22,0.106,South America,2024
Uzbekistan,44,6.003,0.63244,1.34043,0.59772,0.65821,0.30826,0.22837,Asia,2015
Uzbekistan,49,5.987,0.73591,1.1681,0.50163,0.60848,0.28333,0.34326,Asia,2016
Uzbekistan,47,5.97100019454956,0.786441087722778,1.54896914958954,0.498272627592087,0.658248662948608,0.246528223156929,0.415983647108078,Asia,2017
Uzbekistan,44,6.096,0.719,1.584,0.605,0.724,0.259,0.328,Asia,2018
Uzbekistan,41,6.174,0.745,1.529,0.756,0.631,0.24,0.322,Asia,2019
Uzbekistan,38,6.26,0.7,1.43,0.72,0.69,0.28,0.36,Asia,2020
Uzbekistan,42,6.179,0.769,1.027,0.528,0.716,0.271,0.391,Asia,2021
Uzbekistan,53,6.063,1.219,1.092,0.6,0.716,0.24,0.283,Asia,2022
Uzbekistan,54,6.014,1.227,1.347,0.375,0.74,0.208,0.26,Asia,2023
Uzbekistan,47,6.195,1.212,1.394,0.539,0.835,0.215,0.251,Asia,2024
Venezuela,23,6.81,1.04424,1.25596,0.72052,0.42908,0.11069,0.05841,South America,2015
Venezuela,44,6.084,1.13367,1.03302,0.61904,0.19847,0.08304,0.0425,South America,2016
Venezuela,82,5.25,1.12843120098114,1.43133759498596,0.617144227027893,0.153997123241425,0.0644911229610443,0.0650196298956871,South America,2017
Venezuela,102,4.806,0.996,1.469,0.657,0.133,0.052,0.056,South America,2018
Venezuela,108,4.707,0.96,1.427,0.805,0.154,0.047,0.064,South America,2019
Venezuela,99,5.05,0.77,1.35,0.77,0.27,0.06,0.09,South America,2020
Venezuela,107,4.892,0.852,0.897,0.574,0.284,0.072,0.078,South America,2021
Venezuela,108,4.925,0.0,0.968,0.578,0.283,0.082,0.225,South America,2022
Venezuela,88,5.211,0.0,1.257,0.341,0.369,0.084,0.205,South America,2023
Venezuela,79,5.607,0.0,1.321,0.491,0.518,0.086,0.192,South America,2024
Vietnam,75,5.36,0.63216,0.91226,0.74676,0.59444,0.10441,0.1686,Asia,2015
Vietnam,96,5.061,0.74037,0.79117,0.66157,0.55954,0.11556,0.25075,Asia,2016
Vietnam,94,5.07399988174438,0.788547575473785,1.27749133110046,0.652168989181519,0.571055591106415,0.0876332372426987,0.234968051314354,Asia,2017
Vietnam,95,5.103,0.715,1.365,0.702,0.618,0.079,0.177,Asia,2018
Vietnam,94,5.175,0.741,1.346,0.851,0.543,0.073,0.147,Asia,2019
Vietnam,83,5.35,0.72,1.25,0.82,0.65,0.09,0.14,Asia,2020
Vietnam,79,5.411,0.817,0.873,0.616,0.679,0.091,0.124,Asia,2021
Vietnam,77,5.485,1.252,0.932,0.611,0.707,0.105,0.143,Asia,2022
Vietnam,65,5.763,1.349,1.212,0.381,0.741,0.122,0.134,Asia,2023
Vietnam,54,6.043,1.331,1.267,0.539,0.843,0.16,0.094,Asia,2024
Zambia,85,5.129,0.47038,0.91612,0.29924,0.48827,0.12468,0.19591,Africa,2015
Zambia,106,4.795,0.61202,0.6376,0.23573,0.42662,0.11479,0.17866,Africa,2016
Zambia,116,4.51399993896484,0.636406779289246,1.00318729877472,0.257835894823074,0.461603492498398,0.0782135501503944,0.249580144882202,Africa,2017
Zambia,125,4.377,0.562,1.047,0.295,0.503,0.082,0.221,Africa,2018
Zambia,138,4.107,0.578,1.058,0.426,0.431,0.087,0.247,Africa,2019
Zambia,141,3.76,0.54,0.9,0.36,0.49,0.09,0.25,Africa,2020
Zambia,137,4.073,0.528,0.552,0.231,0.487,0.074,0.227,Africa,2021
Zambia,137,3.76,0.93,0.577,0.306,0.525,0.083,0.203,Africa,2022
Zambia,128,3.982,0.914,0.89,0.095,0.545,0.08,0.189,Africa,2023
Zambia,134,3.502,0.899,0.809,0.264,0.727,0.109,0.168,Africa,2024
Zimbabwe,115,4.61,0.271,1.03276,0.33475,0.25861,0.08079,0.18987,Africa,2015
Zimbabwe,131,4.193,0.35041,0.71478,0.1595,0.25429,0.08582,0.18503,Africa,2016
Zimbabwe,138,3.875,0.375846534967422,1.08309590816498,0.196763753890991,0.336384207010269,0.0953753814101219,0.189143493771553,Africa,2017
Zimbabwe,144,3.692,0.357,1.094,0.248,0.406,0.099,0.132,Africa,2018
Zimbabwe,146,3.663,0.366,1.114,0.433,0.361,0.089,0.151,Africa,2019
Zimbabwe,151,3.3,0.43,1.05,0.38,0.38,0.08,0.15,Africa,2020
Zimbabwe,148,3.145,0.457,0.649,0.243,0.359,0.075,0.157,Africa,2021
Zimbabwe,144,2.995,0.947,0.69,0.27,0.329,0.105,0.106,Africa,2022
Zimbabwe,134,3.204,0.758,0.881,0.069,0.363,0.117,0.112,Africa,2023
Zimbabwe,138,3.341,0.748,0.85,0.232,0.487,0.131,0.096,Africa,2024
