Country,Happiness Rank,Happiness Score,Economy,Family,Healthy life expectancy,Freedom to make life choices,Perceptions of corruption,Generosity,Continent,Year,Happiness Rank (Cleaned Data)
Afghanistan,153,3.575,0.31982,0.483,0.30335,0.23414,0.09719,0.3651,Asia,2015,129
Afghanistan,154,3.36,0.38227,0.483,0.17344,0.19,0.07112,0.31268,Asia,2016,130
Afghanistan,141,3.794,0.40148,0.58154,0.18075,0.19,0.06116,0.31187,Asia,2017,124
Afghanistan,145,3.632,0.332,0.537,0.255,0.19,0.036,0.191,Asia,2018,127
Afghanistan,154,3.203,0.35,0.517,0.361,0.19,0.025,0.158,Asia,2019,131
Afghanistan,153,2.57,0.3,0.483,0.27,0.19,0.016,0.14,Asia,2020,131
Afghanistan,149,2.523,0.37,0.483,0.126,0.19,0.016,0.122,Asia,2021,131
Afghanistan,146,2.404,0.758,0.483,0.289,0.19,0.016,0.089,Asia,2022,131
Afghanistan,137,1.859,0.645,0.483,0.087,0.19,0.059,0.093,Asia,2023,131
Afghanistan,143,1.721,0.628,0.483,0.242,0.19,0.088,0.091,Asia,2024,131
Albania,95,4.959,0.87867,0.80434,0.81325,0.35733,0.06413,0.14272,Europe,2015,82
Albania,109,4.655,0.9553,0.50163,0.73007,0.31866,0.05301,0.1684,Europe,2016,94
Albania,109,4.644,0.99619,0.80369,0.73116,0.3815,0.03986,0.20131,Europe,2017,98
Albania,112,4.586,0.916,0.817,0.79,0.419,0.032,0.149,Europe,2018,100
Albania,107,4.719,0.947,0.848,0.874,0.383,0.027,0.178,Europe,2019,97
Albania,105,4.88,0.91,0.83,0.85,0.46,0.03,0.17,Europe,2020,96
Albania,93,5.117,1.008,0.529,0.646,0.491,0.024,0.168,Europe,2021,87
Albania,90,5.199,1.439,0.646,0.719,0.511,0.028,0.138,Europe,2022,84
Albania,83,5.277,1.449,0.951,0.48,0.549,0.037,0.133,Europe,2023,83
Albania,87,5.304,1.438,0.924,0.638,0.69,0.049,0.138,Europe,2024,85
Algeria,68,5.605,0.93929,1.07772,0.61766,0.28579,0.17383,0.07822,Africa,2015,60
Algeria,38,6.355,1.05266,0.83309,0.61804,0.21006,0.16157,0.07044,Africa,2016,36
Algeria,53,5.872,1.09186,1.14622,0.61758,0.23334,0.1461,0.06944,Africa,2017,49
Algeria,84,5.295,0.979,1.154,0.687,0.19,0.135,0.055,Africa,2018,76
Algeria,88,5.211,1.002,1.16,0.785,0.19,0.114,0.073,Africa,2019,81
Algeria,100,5.01,0.94,1.14,0.75,0.19,0.13,0.12,Africa,2020,92
Algeria,109,4.887,0.946,0.765,0.552,0.19,0.12,0.144,Africa,2021,100
Algeria,96,5.122,1.363,0.97,0.643,0.19,0.15,0.106,Africa,2022,88
Algeria,81,5.329,1.353,1.298,0.409,0.252,0.152,0.073,Africa,2023,81
Algeria,85,5.364,1.324,1.191,0.568,0.247,0.2,0.091,Africa,2024,83
Argentina,30,6.574,1.05351,1.24823,0.78723,0.44974,0.08484,0.11451,South America,2015,28
Argentina,26,6.65,1.15137,1.06612,0.69711,0.42284,0.07296,0.10989,South America,2016,25
Argentina,24,6.599,1.1853,1.44045,0.69514,0.49452,0.05974,0.10946,South America,2017,24
Argentina,29,6.388,1.073,1.468,0.744,0.57,0.054,0.062,South America,2018,29
Argentina,47,6.086,1.092,1.432,0.881,0.471,0.05,0.066,South America,2019,45
Argentina,55,5.97,1.03,1.37,0.85,0.52,0.06,0.07,South America,2020,53
Argentina,57,5.929,1.162,0.98,0.646,0.544,0.067,0.069,South America,2021,56
Argentina,57,5.967,1.592,1.102,0.662,0.555,0.085,0.081,South America,2022,56
Argentina,52,6.024,1.59,1.388,0.427,0.587,0.082,0.088,South America,2023,52
Argentina,48,6.188,1.562,1.381,0.585,0.681,0.08,0.087,South America,2024,47
Armenia,127,4.35,0.76821,0.77711,0.7299,0.19847,0.039,0.07855,Asia,2015,107
Armenia,121,4.36,0.86086,0.62477,0.64083,0.19,0.03616,0.07793,Asia,2016,105
Armenia,121,4.376,0.9006,1.00748,0.63752,0.1983,0.02667,0.08349,Asia,2017,108
Armenia,129,4.321,0.816,0.99,0.666,0.26,0.028,0.077,Asia,2018,115
Armenia,116,4.559,0.85,1.055,0.815,0.283,0.064,0.095,Asia,2019,104
Armenia,116,4.68,0.81,1.03,0.78,0.38,0.1,0.11,Asia,2020,106
Armenia,86,5.283,0.996,0.758,0.585,0.54,0.198,0.079,Asia,2021,82
Armenia,82,5.399,1.434,0.82,0.668,0.558,0.21,0.054,Asia,2022,78
Armenia,79,5.342,1.466,1.134,0.443,0.551,0.16,0.053,Asia,2023,79
Armenia,82,5.455,1.444,1.154,0.603,0.65,0.173,0.051,Asia,2024,80
Australia,10,7.284,1.33358,1.30923,0.93156,0.65124,0.35637,0.39,Oceania,2015,10
Australia,9,7.313,1.44443,1.10476,0.8512,0.56837,0.32331,0.39,Oceania,2016,9
Australia,10,7.284,1.48441,1.51004,0.84389,0.60161,0.30118,0.39,Oceania,2017,9
Australia,10,7.272,1.34,1.515,0.91,0.647,0.302,0.361,Oceania,2018,10
Australia,11,7.228,1.372,1.515,1.036,0.557,0.29,0.332,Oceania,2019,11
Australia,12,7.22,1.31,1.48,1.02,0.62,0.34,0.32,Oceania,2020,12
Australia,11,7.183,1.453,1.076,0.801,0.647,0.317,0.291,Oceania,2021,11
Australia,12,7.162,1.9,1.203,0.772,0.676,0.341,0.258,Oceania,2022,12
Australia,12,7.095,1.899,1.497,0.532,0.677,0.31,0.242,Oceania,2023,12
Australia,10,7.057,1.854,1.461,0.692,0.717,0.323,0.225,Oceania,2024,10
Austria,13,7.2,1.33723,1.29704,0.89042,0.62433,0.18676,0.33088,Europe,2015,13
Austria,12,7.119,1.45038,1.08383,0.80565,0.54355,0.21348,0.32865,Europe,2016,12
Austria,13,7.006,1.4871,1.45994,0.81533,0.56777,0.22106,0.31647,Europe,2017,13
Austria,12,7.139,1.341,1.504,0.891,0.617,0.224,0.242,Europe,2018,12
Austria,10,7.246,1.376,1.475,1.016,0.532,0.226,0.244,Europe,2019,10
Austria,9,7.29,1.32,1.44,1.0,0.6,0.28,0.26,Europe,2020,9
Austria,10,7.268,1.492,1.062,0.782,0.64,0.292,0.215,Europe,2021,10
Austria,11,7.163,1.931,1.165,0.774,0.623,0.329,0.193,Europe,2022,11
Austria,11,7.097,1.927,1.382,0.535,0.63,0.31,0.191,Europe,2023,11
Austria,14,6.905,1.885,1.336,0.696,0.703,0.305,0.214,Europe,2024,13
Bahrain,49,5.96,1.32376,1.21624,0.74716,0.45492,0.306,0.17362,Asia,2015,44
Bahrain,42,6.218,1.44024,0.94397,0.65696,0.47375,0.25772,0.17147,Asia,2016,38
Bahrain,41,6.087,1.48841,1.32311,0.65313,0.53675,0.25704,0.17267,Asia,2017,38
Bahrain,43,6.105,1.338,1.366,0.698,0.594,0.123,0.243,Asia,2018,41
Bahrain,37,6.199,1.362,1.368,0.871,0.536,0.11,0.255,Asia,2019,36
Bahrain,40,6.23,1.3,1.32,0.84,0.61,0.13,0.29,Asia,2020,39
Bahrain,22,6.647,1.409,0.899,0.662,0.661,0.139,0.246,Asia,2021,22
Bahrain,21,6.647,1.854,1.029,0.625,0.693,0.155,0.199,Asia,2022,21
Bahrain,42,6.173,1.883,1.269,0.389,0.717,0.138,0.199,Asia,2023,42
Bahrain,62,5.959,1.883,1.269,0.389,0.717,0.138,0.199,Asia,2024,61
Bangladesh,109,4.694,0.39753,0.483,0.60164,0.4082,0.12569,0.21222,Asia,2015,93
Bangladesh,110,4.643,0.54177,0.483,0.52989,0.39778,0.12583,0.19132,Asia,2016,95
Bangladesh,110,4.608,0.58668,0.73513,0.53324,0.47836,0.12372,0.17226,Asia,2017,99
Bangladesh,115,4.5,0.532,0.85,0.579,0.58,0.144,0.153,Asia,2018,103
Bangladesh,125,4.456,0.562,0.928,0.723,0.527,0.143,0.166,Asia,2019,111
Bangladesh,107,4.83,0.56,0.87,0.69,0.6,0.18,0.18,Asia,2020,98
Bangladesh,101,5.025,0.635,0.52,0.514,0.603,0.164,0.161,Asia,2021,92
Bangladesh,94,5.155,1.06,0.614,0.581,0.622,0.187,0.125,Asia,2022,87
Bangladesh,118,4.282,1.133,0.513,0.355,0.617,0.165,0.139,Asia,2023,115
Bangladesh,129,3.886,1.122,0.483,0.513,0.717,0.167,0.14,Asia,2024,122
Belgium,19,6.937,1.30782,1.28566,0.89667,0.5845,0.2254,0.2225,Europe,2015,19
Belgium,18,6.929,1.42539,1.05249,0.81959,0.51354,0.26248,0.2424,Europe,2016,17
Belgium,17,6.891,1.46378,1.46231,0.81809,0.53977,0.25134,0.2315,Europe,2017,17
Belgium,16,6.927,1.324,1.483,0.894,0.583,0.24,0.188,Europe,2018,16
Belgium,18,6.923,1.356,1.504,0.986,0.473,0.21,0.16,Europe,2019,18
Belgium,20,6.86,1.3,1.4,0.96,0.5,0.21,0.15,Europe,2020,20
Belgium,20,6.834,1.463,0.998,0.747,0.489,0.187,0.088,Europe,2021,20
Belgium,19,6.805,1.907,1.106,0.764,0.492,0.204,0.049,Europe,2022,19
Belgium,17,6.859,1.907,1.449,0.528,0.59,0.273,0.137,Europe,2023,17
Belgium,16,6.894,1.868,1.44,0.69,0.717,0.311,0.17,Europe,2024,15
Benin,155,3.34,0.28665,0.483,0.3191,0.4845,0.0801,0.1826,Africa,2015,130
Benin,153,3.484,0.39499,0.483,0.21028,0.39747,0.06681,0.2018,Africa,2016,129
Benin,143,3.657,0.43109,0.483,0.20993,0.42596,0.06093,0.20795,Africa,2017,126
Benin,136,4.141,0.378,0.483,0.24,0.44,0.067,0.163,Africa,2018,121
Benin,102,4.883,0.393,0.483,0.397,0.349,0.082,0.175,Africa,2019,93
Benin,86,5.22,0.37,0.483,0.33,0.41,0.13,0.2,Africa,2020,81
Benin,99,5.045,0.507,0.483,0.196,0.457,0.178,0.166,Africa,2021,91
Benin,115,4.623,0.932,0.483,0.335,0.479,0.23,0.127,Africa,2022,106
Benin,116,4.374,0.924,0.483,0.124,0.481,0.253,0.114,Africa,2023,113
Benin,116,4.377,0.914,0.483,0.284,0.567,0.252,0.112,Africa,2024,109
Bolivia,51,5.89,0.68133,0.97841,0.5392,0.57414,0.088,0.20536,South America,2015,46
Bolivia,59,5.822,0.79422,0.83779,0.4697,0.50961,0.07746,0.21698,South America,2016,53
Bolivia,58,5.823,0.83376,1.22762,0.47363,0.55873,0.06048,0.22556,South America,2017,54
Bolivia,62,5.752,0.751,1.223,0.508,0.606,0.054,0.141,South America,2018,57
Bolivia,61,5.779,0.776,1.209,0.706,0.511,0.064,0.137,South America,2019,58
Bolivia,65,5.75,0.73,1.14,0.66,0.57,0.07,0.14,South America,2020,63
Bolivia,69,5.716,0.842,0.782,0.486,0.6,0.064,0.138,South America,2021,68
Bolivia,71,5.6,1.256,0.88,0.555,0.627,0.064,0.112,South America,2022,69
Bolivia,69,5.684,1.24,1.187,0.329,0.648,0.06,0.103,South America,2023,69
Bolivia,73,5.784,1.217,1.179,0.488,0.717,0.061,0.1,South America,2024,71
Bosnia and Herzegovina,96,4.949,0.83223,0.91916,0.79081,0.19,0.016,0.24808,Europe,2015,83
Bosnia and Herzegovina,87,5.163,0.93383,0.64367,0.70766,0.19,0.016,0.29889,Europe,2016,74
Bosnia and Herzegovina,90,5.182,0.98241,1.06934,0.70519,0.2044,0.016,0.32887,Europe,2017,81
Bosnia and Herzegovina,93,5.129,0.915,1.078,0.758,0.28,0.016,0.216,Europe,2018,84
Bosnia and Herzegovina,78,5.386,0.945,1.212,0.845,0.212,0.016,0.263,Europe,2019,73
Bosnia and Herzegovina,69,5.67,0.92,1.2,0.81,0.31,0.016,0.26,Europe,2020,67
Bosnia and Herzegovina,64,5.813,1.032,0.919,0.618,0.395,0.016,0.261,Europe,2021,63
Bosnia and Herzegovina,67,5.768,1.468,1.068,0.665,0.448,0.016,0.244,Europe,2022,65
Bosnia and Herzegovina,71,5.633,1.467,1.361,0.429,0.485,0.016,0.247,Europe,2023,71
Bosnia and Herzegovina,65,5.877,1.465,1.318,0.587,0.621,0.016,0.246,Europe,2024,64
Botswana,128,4.332,0.99355,1.10464,0.04776,0.49495,0.12474,0.10461,Africa,2015,108
Botswana,137,3.974,1.09426,0.89186,0.34752,0.44089,0.10769,0.12425,Africa,2016,118
Botswana,142,3.766,1.12209,1.22155,0.34176,0.5052,0.09858,0.09935,Africa,2017,125
Botswana,146,3.59,1.017,1.174,0.417,0.557,0.092,0.044,Africa,2018,128
Botswana,148,3.488,1.041,1.145,0.538,0.455,0.1,0.044,Africa,2019,128
Botswana,147,3.48,1.0,1.09,0.49,0.51,0.1,0.044,Africa,2020,128
Botswana,146,3.467,1.099,0.724,0.34,0.539,0.088,0.044,Africa,2021,129
Botswana,142,3.471,1.503,0.815,0.28,0.571,0.102,0.044,Africa,2022,128
Botswana,132,3.435,1.471,1.041,0.087,0.48,0.071,0.044,Africa,2023,127
Botswana,137,3.383,1.445,0.969,0.241,0.567,0.082,0.044,Africa,2024,127
Brazil,16,6.983,0.98124,1.23287,0.69702,0.49049,0.17521,0.14574,South America,2015,16
Brazil,17,6.952,1.08754,1.03938,0.61415,0.40425,0.14166,0.15776,South America,2016,16
Brazil,22,6.635,1.10735,1.43131,0.61655,0.43745,0.11109,0.16235,South America,2017,22
Brazil,28,6.419,0.986,1.474,0.675,0.493,0.088,0.11,South America,2018,28
Brazil,32,6.3,1.004,1.439,0.802,0.39,0.086,0.099,South America,2019,31
Brazil,32,6.38,0.95,1.36,0.77,0.48,0.11,0.13,South America,2020,31
Brazil,35,6.33,1.028,0.944,0.571,0.514,0.117,0.142,South America,2021,35
Brazil,38,6.293,1.462,1.044,0.615,0.546,0.134,0.131,South America,2022,38
Brazil,49,6.125,1.454,1.25,0.387,0.558,0.137,0.131,South America,2023,48
Brazil,44,6.272,1.43,1.269,0.548,0.685,0.142,0.13,South America,2024,43
Bulgaria,134,4.218,1.01216,1.10614,0.76649,0.30587,0.016,0.11921,Europe,2015,114
Bulgaria,129,4.217,1.11306,0.92542,0.67806,0.21219,0.016,0.12793,Europe,2016,112
Bulgaria,105,4.714,1.16146,1.43438,0.70822,0.28923,0.016,0.11318,Europe,2017,94
Bulgaria,100,4.933,1.054,1.515,0.712,0.359,0.016,0.064,Europe,2018,89
Bulgaria,97,5.011,1.092,1.513,0.815,0.311,0.016,0.081,Europe,2019,88
Bulgaria,96,5.1,1.05,1.46,0.78,0.42,0.016,0.1,Europe,2020,88
Bulgaria,88,5.266,1.181,1.055,0.583,0.494,0.016,0.125,Europe,2021,84
Bulgaria,85,5.371,1.625,1.163,0.64,0.563,0.021,0.123,Europe,2022,81
Bulgaria,77,5.466,1.635,1.457,0.408,0.557,0.016,0.106,Europe,2023,77
Bulgaria,81,5.463,1.629,1.469,0.567,0.62,0.016,0.083,Europe,2024,79
Burkina Faso,152,3.587,0.25812,0.85188,0.27125,0.39493,0.12832,0.21747,Africa,2015,128
Burkina Faso,145,3.739,0.31995,0.63054,0.21297,0.3337,0.12533,0.24353,Africa,2016,123
Burkina Faso,134,4.032,0.35023,1.04328,0.21584,0.32437,0.12033,0.25086,Africa,2017,119
Burkina Faso,121,4.424,0.314,1.097,0.254,0.312,0.128,0.175,Africa,2018,108
Burkina Faso,115,4.587,0.331,1.056,0.38,0.255,0.113,0.177,Africa,2019,103
Burkina Faso,112,4.77,0.3,0.93,0.31,0.32,0.13,0.19,Africa,2020,102
Burkina Faso,113,4.834,0.364,0.483,0.179,0.381,0.122,0.182,Africa,2021,104
Burkina Faso,113,4.67,0.779,0.565,0.32,0.382,0.126,0.186,Africa,2022,104
Burkina Faso,104,4.638,0.768,0.814,0.107,0.419,0.113,0.188,Africa,2023,102
Burkina Faso,110,4.548,0.756,0.685,0.274,0.483,0.179,0.173,Africa,2024,104
Cambodia,145,3.819,0.46038,0.62736,0.61114,0.66246,0.07247,0.39,Asia,2015,122
Cambodia,140,3.907,0.55604,0.5375,0.42494,0.58852,0.08092,0.39,Asia,2016,120
Cambodia,129,4.168,0.60177,1.00624,0.42978,0.63338,0.06811,0.38592,Asia,2017,115
Cambodia,120,4.433,0.549,1.088,0.457,0.696,0.065,0.256,Asia,2018,107
Cambodia,109,4.7,0.574,1.122,0.637,0.609,0.062,0.232,Asia,2019,99
Cambodia,106,4.85,0.54,1.07,0.59,0.67,0.07,0.23,Asia,2020,97
Cambodia,114,4.83,0.603,0.68,0.426,0.702,0.061,0.21,Asia,2021,105
Cambodia,114,4.64,1.019,0.732,0.505,0.717,0.068,0.166,Asia,2022,105
Cambodia,115,4.393,1.025,1.024,0.283,0.717,0.051,0.176,Asia,2023,112
Cambodia,119,4.341,1.011,1.019,0.442,0.717,0.071,0.17,Asia,2024,112
Cameroon,133,4.252,0.4225,0.88767,0.23402,0.49309,0.05786,0.20618,Africa,2015,113
Cameroon,114,4.513,0.52497,0.62542,0.12698,0.42736,0.06126,0.2268,Africa,2016,98
Cameroon,107,4.695,0.56431,0.94602,0.13289,0.43039,0.05131,0.2363,Africa,2017,96
Cameroon,99,4.975,0.535,0.891,0.182,0.454,0.043,0.183,Africa,2018,88
Cameroon,96,5.044,0.549,0.91,0.331,0.381,0.037,0.187,Africa,2019,87
Cameroon,98,5.08,0.5,0.9,0.27,0.44,0.05,0.2,Africa,2020,90
Cameroon,91,5.142,0.543,0.556,0.159,0.425,0.058,0.205,Africa,2021,85
Cameroon,102,5.048,0.968,0.672,0.317,0.397,0.074,0.152,Africa,2022,93
Cameroon,96,4.973,0.965,0.871,0.118,0.405,0.059,0.144,Africa,2023,95
Cameroon,104,4.874,0.943,0.856,0.288,0.521,0.06,0.126,Africa,2024,99
Canada,5,7.427,1.32629,1.32261,0.90563,0.63297,0.32957,0.39,North America,2015,5
Canada,6,7.404,1.44015,1.0961,0.8276,0.5737,0.31329,0.39,North America,2016,6
Canada,7,7.316,1.4792,1.48135,0.83456,0.6111,0.28737,0.39,North America,2017,7
Canada,7,7.328,1.33,1.515,0.896,0.653,0.291,0.321,North America,2018,7
Canada,9,7.278,1.365,1.505,1.039,0.584,0.308,0.285,North America,2019,9
Canada,11,7.23,1.3,1.44,1.02,0.64,0.35,0.28,North America,2020,11
Canada,14,7.103,1.447,1.044,0.798,0.648,0.335,0.246,North America,2021,14
Canada,15,7.025,1.886,1.188,0.783,0.659,0.368,0.217,North America,2022,15
Canada,13,6.961,1.881,1.484,0.541,0.656,0.364,0.218,North America,2023,13
Canada,15,6.9,1.84,1.459,0.701,0.717,0.368,0.23,North America,2024,14
Chad,149,3.667,0.34193,0.76062,0.1501,0.23501,0.05269,0.18386,Africa,2015,125
Chad,144,3.763,0.42214,0.63178,0.03824,0.19,0.04952,0.18667,Africa,2016,122
Chad,137,3.936,0.43801,0.95386,0.04113,0.19,0.05358,0.21611,Africa,2017,122
Chad,131,4.301,0.358,0.907,0.053,0.19,0.06,0.181,Africa,2018,117
Chad,132,4.35,0.35,0.766,0.192,0.19,0.078,0.198,Africa,2019,117
Chad,127,4.42,0.3,0.74,0.11,0.23,0.09,0.21,Africa,2020,115
Chad,128,4.355,0.255,0.483,0.0,0.24,0.084,0.215,Africa,2021,117
Chad,130,4.251,0.662,0.506,0.225,0.19,0.077,0.182,Africa,2022,118
Chad,114,4.397,0.622,0.962,0.043,0.393,0.088,0.255,Africa,2023,111
Chad,113,4.471,0.603,0.805,0.199,0.411,0.113,0.218,Africa,2024,106
Chile,27,6.67,1.10715,1.12447,0.85857,0.44132,0.12869,0.33363,South America,2015,26
Chile,24,6.705,1.2167,0.90587,0.81883,0.37789,0.11451,0.31595,South America,2016,23
Chile,20,6.652,1.25278,1.28402,0.81948,0.3769,0.08229,0.32666,South America,2017,20
Chile,25,6.476,1.131,1.331,0.808,0.431,0.061,0.197,South America,2018,25
Chile,26,6.444,1.159,1.369,0.92,0.357,0.056,0.187,South America,2019,26
Chile,39,6.23,1.1,1.32,0.89,0.42,0.06,0.16,South America,2020,39
Chile,43,6.172,1.2,0.946,0.678,0.438,0.07,0.159,South America,2021,43
Chile,44,6.172,1.651,1.08,0.748,0.46,0.069,0.124,South America,2022,44
Chile,35,6.334,1.645,1.384,0.511,0.546,0.076,0.131,South America,2023,35
Chile,38,6.36,1.616,1.369,0.673,0.651,0.075,0.117,South America,2024,37
China,84,5.14,0.89012,0.94675,0.81658,0.51697,0.02781,0.08185,Asia,2015,73
China,83,5.245,1.0278,0.79381,0.73561,0.44012,0.02745,0.04959,Asia,2016,71
China,79,5.273,1.08117,1.16084,0.74142,0.47279,0.02279,0.044,Asia,2017,71
China,86,5.246,0.989,1.142,0.799,0.597,0.103,0.044,Asia,2018,78
China,93,5.191,1.029,1.125,0.893,0.521,0.1,0.058,Asia,2019,85
China,94,5.12,0.99,1.13,0.87,0.6,0.12,0.08,Asia,2020,87
China,84,5.339,1.061,0.785,0.665,0.636,0.117,0.093,Asia,2021,80
China,72,5.585,1.508,0.958,0.705,0.656,0.142,0.099,Asia,2022,70
China,64,5.818,1.51,1.249,0.468,0.666,0.145,0.115,Asia,2023,64
China,60,5.973,1.497,1.239,0.629,0.704,0.164,0.132,Asia,2024,59
Colombia,33,6.477,0.91861,1.24018,0.69077,0.53466,0.0512,0.18401,South America,2015,31
Colombia,31,6.481,1.03032,1.02169,0.59659,0.44735,0.05399,0.15626,South America,2016,30
Colombia,36,6.357,1.07062,1.40218,0.59503,0.47749,0.04667,0.14901,South America,2017,35
Colombia,37,6.26,0.96,1.439,0.635,0.531,0.039,0.099,South America,2018,36
Colombia,43,6.125,0.985,1.41,0.841,0.47,0.034,0.099,South America,2019,41
Colombia,44,6.16,0.93,1.33,0.81,0.53,0.05,0.09,South America,2020,43
Colombia,52,6.012,1.021,0.866,0.615,0.554,0.063,0.1,South America,2021,51
Colombia,66,5.781,1.452,0.929,0.72,0.545,0.077,0.087,South America,2022,64
Colombia,72,5.63,1.455,1.213,0.486,0.562,0.068,0.08,South America,2023,72
Colombia,78,5.695,1.437,1.241,0.648,0.644,0.059,0.072,South America,2024,76
Congo,139,3.989,0.67866,0.6629,0.31051,0.41466,0.11686,0.12388,Africa,2015,117
Congo,127,4.236,0.77109,0.483,0.28212,0.37938,0.09753,0.12077,Africa,2016,110
Congo,124,4.291,0.80896,0.83204,0.28996,0.43503,0.07962,0.12085,Africa,2017,111
Congo,114,4.559,0.682,0.811,0.343,0.514,0.077,0.091,Africa,2018,102
Congo,103,4.812,0.673,0.799,0.508,0.372,0.093,0.105,Africa,2019,94
Congo,88,5.19,0.63,0.76,0.46,0.39,0.12,0.12,Africa,2020,82
Congo,83,5.342,0.518,0.483,0.307,0.381,0.124,0.144,Africa,2021,79
Congo,99,5.075,0.95,0.483,0.355,0.431,0.146,0.13,Africa,2022,91
Congo,86,5.267,0.921,0.665,0.145,0.464,0.136,0.134,Africa,2023,86
Congo,89,5.221,0.892,0.622,0.306,0.523,0.138,0.124,Africa,2024,87
Costa Rica,12,7.226,0.95578,1.23788,0.86027,0.63376,0.10583,0.25497,North America,2015,12
Costa Rica,14,7.087,1.06879,1.02152,0.76146,0.55225,0.10547,0.22553,North America,2016,14
Costa Rica,12,7.079,1.10971,1.4164,0.75951,0.58013,0.10011,0.21461,North America,2017,12
Costa Rica,13,7.072,1.01,1.459,0.817,0.632,0.101,0.143,North America,2018,13
Costa Rica,12,7.167,1.034,1.441,0.963,0.558,0.093,0.144,North America,2019,12
Costa Rica,15,7.12,0.98,1.37,0.94,0.65,0.1,0.13,North America,2020,15
Costa Rica,16,7.069,1.134,0.966,0.722,0.673,0.083,0.105,North America,2021,16
Costa Rica,23,6.582,1.584,1.054,0.744,0.661,0.102,0.089,North America,2022,23
Costa Rica,23,6.609,1.587,1.34,0.503,0.683,0.116,0.099,North America,2023,23
Costa Rica,12,6.955,1.561,1.373,0.661,0.717,0.123,0.109,North America,2024,12
Croatia,62,5.759,1.08254,0.79624,0.78805,0.25883,0.0243,0.05444,Europe,2015,56
Croatia,74,5.488,1.18649,0.60809,0.70524,0.23907,0.04002,0.18434,Europe,2016,64
Croatia,77,5.293,1.22256,0.96798,0.70129,0.25577,0.0431,0.248,Europe,2017,69
Croatia,82,5.321,1.115,1.161,0.737,0.38,0.039,0.12,Europe,2018,74
Croatia,75,5.432,1.155,1.266,0.914,0.296,0.022,0.119,Europe,2019,70
Croatia,79,5.5,1.11,1.31,0.9,0.38,0.016,0.11,Europe,2020,75
Croatia,60,5.882,1.251,1.039,0.703,0.453,0.016,0.111,Europe,2021,59
Croatia,47,6.125,1.705,1.183,0.709,0.535,0.016,0.109,Europe,2022,47
Croatia,48,6.125,1.727,1.455,0.475,0.5,0.016,0.087,Europe,2023,48
Croatia,63,5.942,1.71,1.445,0.637,0.469,0.043,0.064,Europe,2024,62
Cyprus,67,5.689,1.20813,0.89318,0.92356,0.40672,0.06146,0.30638,Europe,2015,59
Cyprus,69,5.546,1.31857,0.70697,0.8488,0.29507,0.05228,0.27906,Europe,2016,59
Cyprus,65,5.621,1.35594,1.13136,0.84471,0.35511,0.04124,0.27125,Europe,2017,59
Cyprus,61,5.762,1.229,1.191,0.909,0.423,0.035,0.202,Europe,2018,56
Cyprus,49,6.046,1.263,1.223,1.042,0.406,0.041,0.19,Europe,2019,47
Cyprus,45,6.16,1.21,1.15,1.03,0.46,0.05,0.23,Europe,2020,43
Cyprus,39,6.223,1.377,0.765,0.801,0.464,0.061,0.178,Europe,2021,39
Cyprus,41,6.221,1.815,0.909,0.819,0.448,0.062,0.123,Europe,2022,41
Cyprus,46,6.13,1.824,1.224,0.58,0.455,0.05,0.104,Europe,2023,46
Cyprus,50,6.068,1.794,1.217,0.744,0.529,0.049,0.124,Europe,2024,49
Czechia,31,6.505,1.17898,1.20643,0.84483,0.46364,0.02652,0.10686,Europe,2015,29
Czechia,27,6.596,1.30915,1.00793,0.76376,0.41418,0.03986,0.09929,Europe,2016,26
Czechia,23,6.609,1.35268,1.43389,0.75444,0.49095,0.03687,0.08811,Europe,2017,23
Czechia,21,6.711,1.233,1.489,0.854,0.543,0.034,0.064,Europe,2018,21
Czechia,20,6.852,1.269,1.487,0.92,0.457,0.036,0.046,Europe,2019,20
Czechia,19,6.91,1.21,1.41,0.89,0.51,0.05,0.05,Europe,2020,19
Czechia,18,6.965,1.37,1.09,0.703,0.58,0.046,0.052,Europe,2021,18
Czechia,18,6.92,1.815,1.26,0.715,0.66,0.048,0.158,Europe,2022,18
Czechia,18,6.845,1.823,1.515,0.477,0.693,0.05,0.158,Europe,2023,18
Czechia,18,6.822,1.783,1.511,0.638,0.717,0.068,0.177,Europe,2024,17
Denmark,3,7.527,1.32548,1.36058,0.87464,0.64938,0.389,0.34139,Europe,2015,3
Denmark,1,7.526,1.44178,1.16374,0.79504,0.57941,0.389,0.36171,Europe,2016,1
Denmark,2,7.522,1.48238,1.515,0.79257,0.62601,0.389,0.35528,Europe,2017,2
Denmark,3,7.555,1.351,1.515,0.868,0.683,0.389,0.284,Europe,2018,3
Denmark,2,7.6,1.383,1.515,0.996,0.592,0.389,0.252,Europe,2019,2
Denmark,2,7.65,1.33,1.5,0.98,0.67,0.389,0.24,Europe,2020,2
Denmark,2,7.62,1.502,1.108,0.763,0.686,0.389,0.208,Europe,2021,2
Denmark,2,7.636,1.953,1.243,0.777,0.717,0.389,0.188,Europe,2022,2
Denmark,2,7.586,1.949,1.515,0.537,0.717,0.389,0.208,Europe,2023,2
Denmark,2,7.583,1.908,1.515,0.699,0.717,0.389,0.204,Europe,2024,2
Dominican Republic,98,4.885,0.89537,1.17202,0.66825,0.57672,0.14234,0.21684,North America,2015,84
Dominican Republic,89,5.155,1.02787,0.99496,0.57669,0.52259,0.12372,0.21286,North America,2016,76
Dominican Republic,86,5.23,1.07937,1.40242,0.57487,0.55259,0.11395,0.18697,North America,2017,77
Dominican Republic,83,5.302,0.982,1.441,0.614,0.578,0.106,0.12,North America,2018,75
Dominican Republic,77,5.425,1.015,1.401,0.779,0.497,0.101,0.113,North America,2019,72
Dominican Republic,68,5.69,0.98,1.33,0.74,0.56,0.12,0.11,North America,2020,65
Dominican Republic,73,5.545,1.106,0.879,0.555,0.581,0.144,0.101,North America,2021,72
Dominican Republic,69,5.737,1.538,1.003,0.577,0.606,0.179,0.084,North America,2022,67
Dominican Republic,73,5.569,1.536,1.227,0.351,0.623,0.195,0.083,North America,2023,73
Dominican Republic,69,5.823,1.517,1.272,0.511,0.717,0.196,0.086,North America,2024,67
Ecuador,48,5.975,0.86402,0.99903,0.79075,0.48574,0.1809,0.11541,South America,2015,43
Ecuador,51,5.976,0.97306,0.85974,0.68613,0.4027,0.18037,0.10074,South America,2016,46
Ecuador,44,6.008,1.00082,1.28617,0.68564,0.4552,0.14013,0.15011,South America,2017,41
Ecuador,48,5.973,0.889,1.33,0.736,0.556,0.12,0.114,South America,2018,45
Ecuador,50,6.028,0.912,1.312,0.868,0.498,0.087,0.126,South America,2019,48
Ecuador,58,5.93,0.85,1.22,0.84,0.56,0.09,0.12,South America,2020,56
Ecuador,66,5.764,0.935,0.806,0.64,0.56,0.062,0.107,South America,2021,65
Ecuador,76,5.533,1.352,0.879,0.708,0.565,0.083,0.08,South America,2022,74
Ecuador,74,5.559,1.343,1.173,0.476,0.56,0.069,0.079,South America,2023,74
Ecuador,74,5.725,1.315,1.151,0.64,0.606,0.078,0.087,South America,2024,72
Egypt,135,4.194,0.8818,0.747,0.61712,0.19,0.06324,0.11291,Africa,2015,115
Egypt,120,4.362,0.95395,0.49813,0.52116,0.19,0.10393,0.12706,Africa,2016,104
Egypt,104,4.735,0.9897,0.99747,0.52019,0.28211,0.11438,0.12863,Africa,2017,93
Egypt,122,4.419,0.885,1.025,0.553,0.312,0.107,0.092,Africa,2018,109
Egypt,137,4.166,0.913,1.039,0.644,0.241,0.067,0.076,Africa,2019,121
Egypt,138,4.15,0.88,0.98,0.6,0.37,0.1,0.07,Africa,2020,123
Egypt,132,4.283,0.954,0.647,0.426,0.446,0.092,0.069,Africa,2021,119
Egypt,129,4.288,1.388,0.732,0.548,0.469,0.254,0.044,Africa,2022,117
Egypt,121,4.17,1.377,0.972,0.326,0.467,0.25,0.044,Africa,2023,117
Egypt,127,3.977,1.37,0.996,0.488,0.49,0.259,0.044,Africa,2024,120
El Salvador,42,6.13,0.76454,1.02507,0.67737,0.4035,0.11776,0.10692,North America,2015,37
El Salvador,46,6.068,0.8737,0.80975,0.596,0.37269,0.10613,0.08877,North America,2016,41
El Salvador,45,6.003,0.90978,1.18213,0.59602,0.43245,0.08998,0.07826,North America,2017,42
El Salvador,40,6.167,0.806,1.231,0.639,0.461,0.082,0.065,North America,2018,38
El Salvador,35,6.253,0.794,1.242,0.789,0.43,0.074,0.093,North America,2019,34
El Salvador,34,6.35,0.75,1.15,0.75,0.52,0.12,0.12,North America,2020,34
El Salvador,49,6.061,0.845,0.675,0.565,0.615,0.16,0.116,North America,2021,48
El Salvador,49,6.12,1.265,0.768,0.607,0.666,0.212,0.089,North America,2022,49
El Salvador,50,6.122,1.278,1.044,0.383,0.713,0.222,0.079,North America,2023,50
El Salvador,33,6.469,1.265,1.08,0.549,0.717,0.253,0.083,North America,2024,32
Estonia,73,5.429,1.15174,1.22791,0.77361,0.44888,0.15184,0.0868,Europe,2015,64
Estonia,72,5.517,1.27964,1.05163,0.68098,0.41511,0.18519,0.08423,Europe,2016,62
Estonia,66,5.611,1.32088,1.47667,0.69517,0.47913,0.18325,0.09889,Europe,2017,60
Estonia,63,5.739,1.2,1.515,0.737,0.553,0.174,0.086,Europe,2018,58
Estonia,55,5.893,1.237,1.515,0.874,0.495,0.161,0.103,Europe,2019,52
Estonia,51,6.02,1.19,1.45,0.84,0.58,0.2,0.13,Europe,2020,49
Estonia,40,6.189,1.344,1.079,0.64,0.641,0.263,0.119,Europe,2021,40
Estonia,36,6.341,1.793,1.232,0.728,0.689,0.333,0.123,Europe,2022,36
Estonia,31,6.455,1.798,1.515,0.494,0.717,0.372,0.153,Europe,2023,31
Estonia,34,6.448,1.752,1.515,0.657,0.717,0.389,0.166,Europe,2024,33
Ethiopia,122,4.512,0.19073,0.60406,0.44055,0.4345,0.15048,0.24325,Africa,2015,103
Ethiopia,115,4.508,0.29283,0.483,0.34578,0.36703,0.1717,0.29522,Africa,2016,99
Ethiopia,119,4.46,0.33923,0.86467,0.35341,0.40884,0.16546,0.31265,Africa,2017,106
Ethiopia,127,4.35,0.308,0.95,0.391,0.452,0.146,0.22,Africa,2018,113
Ethiopia,134,4.286,0.336,1.033,0.532,0.344,0.1,0.209,Africa,2019,119
Ethiopia,136,4.19,0.32,1.0,0.48,0.41,0.12,0.23,Africa,2020,120
Ethiopia,133,4.275,0.37,0.679,0.331,0.451,0.114,0.241,Africa,2021,120
Ethiopia,131,4.241,0.788,0.809,0.457,0.472,0.136,0.205,Africa,2022,119
Ethiopia,124,4.091,0.793,1.114,0.25,0.451,0.101,0.283,Africa,2023,120
Ethiopia,130,3.861,0.792,0.915,0.42,0.441,0.101,0.27,Africa,2024,123
Finland,6,7.406,1.29025,1.31826,0.88911,0.64169,0.389,0.23351,Europe,2015,6
Finland,5,7.413,1.40598,1.13464,0.81091,0.57104,0.389,0.25492,Europe,2016,5
Finland,5,7.469,1.44357,1.515,0.80916,0.61795,0.38261,0.24548,Europe,2017,5
Finland,1,7.632,1.305,1.515,0.874,0.681,0.389,0.202,Europe,2018,1
Finland,1,7.769,1.34,1.515,0.986,0.596,0.389,0.153,Europe,2019,1
Finland,1,7.81,1.29,1.5,0.96,0.66,0.389,0.16,Europe,2020,1
Finland,1,7.842,1.446,1.106,0.741,0.691,0.389,0.124,Europe,2021,1
Finland,1,7.821,1.892,1.258,0.775,0.717,0.389,0.109,Europe,2022,1
Finland,1,7.804,1.888,1.515,0.535,0.717,0.389,0.126,Europe,2023,1
Finland,1,7.741,1.844,1.515,0.695,0.717,0.389,0.142,Europe,2024,1
France,29,6.575,1.27778,1.26038,0.94579,0.55011,0.20646,0.12332,Europe,2015,27
France,32,6.478,1.39488,1.00508,0.83795,0.46562,0.17808,0.1216,Europe,2016,31
France,31,6.442,1.43092,1.38778,0.84447,0.47022,0.1725,0.12976,Europe,2017,31
France,23,6.489,1.293,1.466,0.908,0.52,0.176,0.098,Europe,2018,23
France,24,6.592,1.324,1.472,1.045,0.436,0.183,0.111,Europe,2019,24
France,23,6.66,1.27,1.46,1.03,0.51,0.23,0.11,Europe,2020,23
France,21,6.69,1.421,1.081,0.804,0.536,0.235,0.092,Europe,2021,21
France,20,6.687,1.863,1.219,0.808,0.567,0.266,0.07,Europe,2022,20
France,21,6.661,1.856,1.433,0.566,0.582,0.27,0.083,Europe,2023,21
France,27,6.609,1.818,1.348,0.727,0.65,0.281,0.112,Europe,2024,26
Gabon,143,3.896,1.06024,0.90528,0.43372,0.31914,0.11091,0.06822,Africa,2015,120
Gabon,134,4.121,1.15851,0.72368,0.3494,0.28098,0.09314,0.06244,Africa,2016,116
Gabon,118,4.465,1.19821,1.15562,0.35658,0.31233,0.07605,0.044,Africa,2017,105
Gabon,103,4.758,1.036,1.164,0.404,0.356,0.052,0.044,Africa,2018,92
Gabon,104,4.799,1.057,1.183,0.571,0.295,0.055,0.044,Africa,2019,95
Gabon,108,4.83,0.99,1.11,0.52,0.37,0.06,0.05,Africa,2020,98
Gabon,112,4.852,1.037,0.707,0.362,0.424,0.064,0.058,Africa,2021,103
Gabon,106,4.958,1.459,0.738,0.396,0.343,0.099,0.044,Africa,2022,97
Gabon,94,5.035,1.438,1.021,0.183,0.346,0.102,0.044,Africa,2023,93
Gabon,95,5.106,1.403,1.038,0.344,0.516,0.1,0.045,Africa,2024,91
Georgia,130,4.297,0.7419,0.483,0.72926,0.40577,0.38331,0.05547,Europe,2015,110
Georgia,126,4.252,0.83792,0.483,0.64035,0.32461,0.3188,0.06786,Europe,2016,109
Georgia,125,4.286,0.95061,0.57061,0.64955,0.30941,0.25167,0.05401,Europe,2017,112
Georgia,128,4.34,0.853,0.592,0.643,0.375,0.215,0.044,Europe,2018,114
Georgia,119,4.519,0.886,0.666,0.752,0.346,0.164,0.044,Europe,2019,107
Georgia,117,4.67,0.85,0.73,0.69,0.49,0.17,0.05,Europe,2020,107
Georgia,108,4.891,1.03,0.483,0.498,0.488,0.181,0.044,Europe,2021,99
Georgia,105,4.973,1.467,0.612,0.595,0.508,0.208,0.044,Europe,2022,96
Georgia,90,5.109,1.477,0.947,0.366,0.539,0.201,0.044,Europe,2023,89
Georgia,91,5.185,1.467,0.99,0.524,0.68,0.174,0.044,Europe,2024,88
Germany,26,6.75,1.32792,1.29937,0.89186,0.61477,0.21843,0.28214,Europe,2015,25
Germany,16,6.994,1.44787,1.09774,0.81487,0.53466,0.28551,0.30452,Europe,2016,15
Germany,16,6.951,1.48792,1.47252,0.79895,0.56251,0.27673,0.33627,Europe,2017,16
Germany,15,6.965,1.34,1.474,0.861,0.586,0.28,0.273,Europe,2018,15
Germany,17,6.985,1.373,1.454,0.987,0.495,0.265,0.261,Europe,2019,17
Germany,17,7.08,1.31,1.37,0.97,0.56,0.31,0.25,Europe,2020,17
Germany,13,7.155,1.48,0.993,0.757,0.6,0.306,0.195,Europe,2021,13
Germany,14,7.034,1.924,1.088,0.776,0.585,0.358,0.163,Europe,2022,14
Germany,16,6.892,1.919,1.401,0.539,0.618,0.365,0.153,Europe,2023,16
Germany,24,6.719,1.871,1.39,0.702,0.7,0.368,0.174,Europe,2024,23
Ghana,114,4.633,0.54558,0.67954,0.40132,0.42342,0.04355,0.23087,Africa,2015,98
Ghana,124,4.276,0.63107,0.49353,0.29681,0.40973,0.0326,0.21203,Africa,2016,108
Ghana,131,4.12,0.66722,0.87366,0.29564,0.42303,0.02534,0.25692,Africa,2017,116
Ghana,108,4.657,0.592,0.896,0.337,0.499,0.029,0.212,Africa,2018,97
Ghana,98,4.996,0.611,0.868,0.486,0.381,0.04,0.245,Africa,2019,89
Ghana,91,5.15,0.58,0.97,0.43,0.48,0.06,0.26,Africa,2020,84
Ghana,95,5.088,0.68,0.595,0.287,0.517,0.058,0.268,Africa,2021,89
Ghana,111,4.872,1.112,0.595,0.409,0.5,0.056,0.23,Africa,2022,102
Ghana,107,4.605,1.101,0.756,0.197,0.526,0.035,0.211,Africa,2023,104
Ghana,120,4.289,1.077,0.747,0.36,0.623,0.028,0.183,Africa,2024,113
Greece,102,4.857,1.15406,0.92933,0.88213,0.19,0.016,0.044,Europe,2015,86
Greece,99,5.033,1.24886,0.75473,0.80029,0.19,0.04127,0.044,Europe,2016,85
Greece,87,5.227,1.28949,1.23941,0.8102,0.19,0.04329,0.044,Europe,2017,78
Greece,79,5.358,1.154,1.202,0.879,0.19,0.044,0.044,Europe,2018,71
Greece,82,5.287,1.181,1.156,0.999,0.19,0.034,0.044,Europe,2019,76
Greece,77,5.51,1.13,1.17,0.98,0.19,0.05,0.044,Europe,2020,73
Greece,68,5.723,1.273,0.811,0.76,0.243,0.074,0.044,Europe,2021,67
Greece,58,5.948,1.703,0.98,0.774,0.249,0.108,0.044,Europe,2022,57
Greece,58,5.931,1.708,1.247,0.535,0.248,0.097,0.044,Europe,2023,58
Greece,64,5.934,1.684,1.276,0.696,0.337,0.093,0.044,Europe,2024,63
Guatemala,43,6.123,0.74553,1.04356,0.64425,0.57733,0.09472,0.27489,North America,2015,38
Guatemala,39,6.324,0.83454,0.87119,0.54039,0.50379,0.08701,0.28808,North America,2016,37
Guatemala,29,6.454,0.872,1.25559,0.54024,0.53131,0.07722,0.28349,North America,2017,28
Guatemala,30,6.382,0.781,1.268,0.608,0.604,0.071,0.179,North America,2018,30
Guatemala,27,6.436,0.8,1.269,0.746,0.535,0.078,0.175,North America,2019,27
Guatemala,29,6.4,0.75,1.17,0.71,0.61,0.1,0.17,North America,2020,28
Guatemala,30,6.435,0.845,0.79,0.519,0.638,0.105,0.163,North America,2021,30
Guatemala,39,6.262,1.274,0.831,0.522,0.662,0.115,0.112,North America,2022,39
Guatemala,43,6.15,1.287,1.188,0.31,0.631,0.066,0.106,North America,2023,43
Guatemala,42,6.287,1.26,1.169,0.467,0.717,0.078,0.105,North America,2024,41
Guinea,150,3.656,0.17417,0.483,0.24009,0.37725,0.12139,0.28657,Africa,2015,126
Guinea,151,3.607,0.22415,0.483,0.18829,0.30953,0.1192,0.29914,Africa,2016,128
Guinea,149,3.507,0.24455,0.79124,0.19413,0.34859,0.11094,0.26482,Africa,2017,129
Guinea,140,3.964,0.344,0.792,0.211,0.394,0.094,0.185,Africa,2018,124
Guinea,118,4.534,0.38,0.829,0.375,0.332,0.086,0.207,Africa,2019,106
Guinea,102,4.95,0.39,0.75,0.33,0.37,0.11,0.25,Africa,2020,94
Guinea,102,4.984,0.42,0.483,0.206,0.384,0.111,0.25,Africa,2021,93
Guinea,109,4.891,0.848,0.566,0.275,0.334,0.116,0.214,Africa,2022,100
Guinea,91,5.072,0.844,0.776,0.072,0.369,0.102,0.204,Africa,2023,90
Guinea,97,5.023,0.831,0.622,0.236,0.521,0.107,0.21,Africa,2024,93
Honduras,105,4.788,0.59532,0.95348,0.6951,0.40148,0.06825,0.23027,North America,2015,89
Honduras,104,4.871,0.69429,0.75596,0.58383,0.26755,0.06906,0.2044,North America,2016,89
Honduras,91,5.181,0.73057,1.14394,0.58257,0.34808,0.07335,0.23619,North America,2017,82
Honduras,72,5.504,0.62,1.205,0.622,0.459,0.074,0.197,North America,2018,65
Honduras,59,5.86,0.642,1.236,0.828,0.507,0.078,0.246,North America,2019,56
Honduras,56,5.95,0.6,1.19,0.79,0.57,0.09,0.26,North America,2020,54
Honduras,59,5.919,0.703,0.787,0.593,0.578,0.083,0.241,North America,2021,58
Honduras,55,6.022,1.111,0.885,0.555,0.582,0.076,0.202,North America,2022,54
Honduras,53,6.023,1.115,1.072,0.341,0.613,0.062,0.189,North America,2023,53
Honduras,61,5.968,1.091,1.035,0.502,0.717,0.081,0.175,North America,2024,60
Hong Kong,72,5.474,1.38604,1.05818,1.01328,0.59608,0.37124,0.39,Asia,2015,63
Hong Kong,75,5.458,1.5107,0.87021,0.95277,0.48079,0.31647,0.39,Asia,2016,65
Hong Kong,71,5.472,1.55167,1.26279,0.94306,0.49097,0.29393,0.37447,Asia,2017,63
Hong Kong,76,5.43,1.405,1.29,1.03,0.524,0.291,0.246,Asia,2018,68
Hong Kong,76,5.43,1.438,1.277,1.122,0.44,0.287,0.258,Asia,2019,71
Hong Kong,78,5.51,1.38,1.24,1.14,0.46,0.33,0.29,Asia,2020,73
Hong Kong,77,5.477,1.525,0.841,0.893,0.408,0.342,0.232,Asia,2021,73
Hong Kong,81,5.425,1.957,0.954,0.942,0.4,0.383,0.147,Asia,2022,77
Hong Kong,82,5.308,1.951,1.201,0.702,0.407,0.389,0.123,Asia,2023,82
Hong Kong,86,5.316,1.909,1.184,0.857,0.485,0.389,0.147,Asia,2024,84
Hungary,104,4.8,1.12094,1.20215,0.75905,0.32112,0.02758,0.128,Europe,2015,88
Hungary,91,5.145,1.24142,0.93164,0.67608,0.1977,0.04472,0.099,Europe,2016,78
Hungary,75,5.324,1.28601,1.34313,0.68776,0.19,0.03664,0.0784,Europe,2017,67
Hungary,69,5.62,1.171,1.401,0.732,0.259,0.022,0.061,Europe,2018,63
Hungary,62,5.758,1.201,1.41,0.828,0.199,0.02,0.081,Europe,2019,59
Hungary,53,6.0,1.16,1.42,0.81,0.39,0.03,0.07,Europe,2020,51
Hungary,53,5.992,1.301,1.083,0.615,0.454,0.04,0.067,Europe,2021,52
Hungary,51,6.086,1.748,1.233,0.668,0.485,0.064,0.078,Europe,2022,50
Hungary,51,6.041,1.754,1.515,0.435,0.501,0.065,0.105,Europe,2023,51
Hungary,56,6.017,1.722,1.515,0.596,0.581,0.067,0.123,Europe,2024,55
Iceland,2,7.561,1.30232,1.40223,0.94784,0.62877,0.14145,0.39,Europe,2015,2
Iceland,3,7.501,1.42666,1.18326,0.86733,0.56624,0.14975,0.39,Europe,2016,3
Iceland,3,7.504,1.48063,1.515,0.83355,0.62716,0.15353,0.39,Europe,2017,3
Iceland,4,7.495,1.343,1.515,0.914,0.677,0.138,0.353,Europe,2018,4
Iceland,4,7.494,1.38,1.515,1.026,0.591,0.118,0.354,Europe,2019,4
Iceland,4,7.5,1.33,1.515,1.0,0.66,0.14,0.36,Europe,2020,4
Iceland,4,7.554,1.482,1.172,0.772,0.698,0.17,0.293,Europe,2021,4
Iceland,3,7.557,1.936,1.32,0.803,0.717,0.191,0.27,Europe,2022,3
Iceland,3,7.53,1.926,1.515,0.559,0.717,0.187,0.25,Europe,2023,3
Iceland,3,7.525,1.881,1.515,0.718,0.717,0.182,0.258,Europe,2024,3
India,117,4.565,0.64499,0.483,0.51529,0.39786,0.08492,0.26475,Asia,2015,101
India,118,4.404,0.74036,0.483,0.45091,0.40285,0.08722,0.25028,Asia,2016,102
India,122,4.315,0.79222,0.75437,0.45543,0.46999,0.09223,0.23154,Asia,2017,109
India,133,4.19,0.721,0.747,0.485,0.539,0.093,0.172,Asia,2018,118
India,140,4.015,0.755,0.765,0.588,0.498,0.085,0.2,Asia,2019,124
India,144,3.57,0.73,0.64,0.54,0.58,0.11,0.24,Asia,2020,126
India,139,3.819,0.741,0.483,0.383,0.622,0.106,0.246,Asia,2021,126
India,136,3.777,1.167,0.483,0.471,0.647,0.123,0.198,Asia,2022,123
India,126,4.036,1.159,0.674,0.252,0.685,0.111,0.175,Asia,2023,122
India,126,4.054,1.166,0.653,0.417,0.717,0.122,0.174,Asia,2024,119
Indonesia,74,5.399,0.82827,1.08708,0.63793,0.46611,0.016,0.39,Asia,2015,65
Indonesia,79,5.314,0.95104,0.87625,0.49374,0.39237,0.016,0.39,Asia,2016,68
Indonesia,81,5.262,0.99554,1.27444,0.49235,0.44332,0.016,0.39,Asia,2017,73
Indonesia,96,5.093,0.899,1.215,0.522,0.538,0.018,0.39,Asia,2018,87
Indonesia,92,5.192,0.931,1.203,0.66,0.491,0.028,0.39,Asia,2019,84
Indonesia,84,5.29,0.89,1.15,0.61,0.57,0.04,0.39,Asia,2020,79
Indonesia,82,5.345,0.954,0.786,0.433,0.598,0.046,0.39,Asia,2021,78
Indonesia,87,5.24,1.382,0.883,0.539,0.62,0.047,0.39,Asia,2022,82
Indonesia,84,5.277,1.384,1.169,0.314,0.663,0.038,0.39,Asia,2023,83
Indonesia,80,5.568,1.361,1.184,0.472,0.717,0.055,0.39,Asia,2024,78
Iran,110,4.686,1.0088,0.54447,0.69805,0.30033,0.05863,0.38086,Asia,2015,94
Iran,105,4.813,1.11758,0.483,0.64232,0.22544,0.0557,0.38538,Asia,2016,90
Iran,108,4.692,1.15687,0.71155,0.63933,0.24932,0.04876,0.38724,Asia,2017,97
Iran,106,4.707,1.059,0.771,0.691,0.459,0.129,0.282,Asia,2018,95
Iran,117,4.548,1.1,0.842,0.785,0.305,0.125,0.27,Asia,2019,105
Iran,118,4.67,1.03,0.89,0.75,0.3,0.14,0.28,Asia,2020,107
Iran,118,4.721,1.03,0.557,0.561,0.275,0.144,0.33,Asia,2021,108
Iran,110,4.888,1.41,0.741,0.642,0.281,0.146,0.241,Asia,2022,101
Iran,101,4.876,1.465,1.102,0.411,0.281,0.13,0.229,Asia,2023,99
Iran,100,4.923,1.435,1.136,0.571,0.366,0.123,0.235,Asia,2024,96
Iraq,112,4.677,0.98549,0.81889,0.60237,0.19,0.13788,0.17922,Asia,2015,96
Iraq,112,4.575,1.07474,0.59205,0.51076,0.24856,0.13636,0.19589,Asia,2016,97
Iraq,117,4.497,1.10271,0.97861,0.50118,0.28856,0.10722,0.19964,Asia,2017,104
Iraq,117,4.456,1.01,0.971,0.536,0.304,0.095,0.148,Asia,2018,105
Iraq,126,4.437,1.043,0.98,0.574,0.241,0.089,0.148,Asia,2019,112
Iraq,110,4.78,0.98,1.01,0.53,0.28,0.07,0.15,Asia,2020,101
Iraq,111,4.854,0.91,0.638,0.381,0.302,0.041,0.153,Asia,2021,102
Iraq,107,4.941,1.289,0.682,0.554,0.328,0.046,0.147,Asia,2022,98
Iraq,98,4.941,1.281,0.953,0.324,0.351,0.038,0.134,Asia,2023,96
Iraq,92,5.166,1.249,0.996,0.498,0.425,0.048,0.141,Asia,2024,89
Ireland,18,6.94,1.33596,1.36948,0.89533,0.61777,0.28703,0.39,Europe,2015,18
Ireland,19,6.907,1.48341,1.16157,0.81455,0.54008,0.29754,0.39,Europe,2016,18
Ireland,15,6.977,1.53571,1.515,0.80978,0.57311,0.29839,0.39,Europe,2017,15
Ireland,14,6.977,1.448,1.515,0.876,0.614,0.306,0.307,Europe,2018,14
Ireland,16,7.021,1.499,1.515,0.999,0.516,0.31,0.298,Europe,2019,16
Ireland,16,7.09,1.45,1.47,0.98,0.59,0.37,0.3,Europe,2020,16
Ireland,15,7.085,1.644,1.092,0.753,0.606,0.367,0.238,Europe,2021,15
Ireland,13,7.041,2.129,1.166,0.779,0.627,0.389,0.19,Europe,2022,13
Ireland,14,6.911,2.152,1.425,0.539,0.656,0.389,0.186,Europe,2023,14
Ireland,17,6.838,2.129,1.39,0.7,0.717,0.389,0.205,Europe,2024,16
Israel,11,7.278,1.22857,1.22393,0.91387,0.41319,0.07785,0.33172,Asia,2015,11
Israel,11,7.267,1.33766,0.99537,0.84917,0.36432,0.08728,0.32288,Asia,2016,11
Israel,11,7.213,1.37538,1.37629,0.8384,0.40599,0.08524,0.33008,Asia,2017,11
Israel,19,6.814,1.301,1.515,0.883,0.533,0.272,0.354,Asia,2018,19
Israel,13,7.139,1.276,1.455,1.029,0.371,0.082,0.261,Asia,2019,13
Israel,14,7.13,1.22,1.4,1.01,0.42,0.1,0.27,Asia,2020,14
Israel,12,7.157,1.376,1.074,0.788,0.509,0.119,0.208,Asia,2021,12
Israel,9,7.364,1.826,1.221,0.818,0.568,0.143,0.155,Asia,2022,9
Israel,4,7.473,1.833,1.515,0.577,0.569,0.158,0.124,Asia,2023,4
Israel,5,7.341,1.803,1.513,0.74,0.641,0.193,0.153,Asia,2024,5
Italy,50,5.948,1.25114,1.19777,0.95446,0.26236,0.02901,0.22823,Europe,2015,45
Italy,50,5.977,1.35495,1.04167,0.85102,0.19,0.02556,0.16684,Europe,2016,45
Italy,48,5.964,1.39507,1.44492,0.85314,0.25645,0.02803,0.17279,Europe,2017,45
Italy,47,6.0,1.264,1.501,0.946,0.281,0.028,0.137,Europe,2018,44
Italy,36,6.223,1.294,1.488,1.039,0.231,0.03,0.158,Europe,2019,35
Italy,30,6.39,1.24,1.35,1.02,0.32,0.04,0.17,Europe,2020,30
Italy,28,6.483,1.393,0.94,0.798,0.379,0.047,0.133,Europe,2021,28
Italy,31,6.467,1.834,1.052,0.801,0.412,0.059,0.085,Europe,2022,31
Italy,33,6.405,1.832,1.365,0.559,0.438,0.063,0.097,Europe,2023,33
Italy,41,6.324,1.8,1.328,0.72,0.513,0.074,0.112,Europe,2024,40
Ivory Coast,151,3.655,0.46534,0.77115,0.15185,0.46866,0.17922,0.20165,Africa,2015,127
Ivory Coast,139,3.916,0.55507,0.57576,0.04476,0.40663,0.1553,0.20338,Africa,2016,119
Ivory Coast,128,4.18,0.60305,0.90478,0.04864,0.44771,0.13006,0.20124,Africa,2017,114
Ivory Coast,107,4.671,0.541,0.872,0.08,0.467,0.103,0.146,Africa,2018,96
Ivory Coast,99,4.944,0.569,0.808,0.232,0.352,0.09,0.154,Africa,2019,90
Ivory Coast,85,5.23,0.54,0.8,0.15,0.4,0.09,0.17,Africa,2020,80
Ivory Coast,85,5.306,0.669,0.483,0.052,0.438,0.092,0.177,Africa,2021,81
Ivory Coast,88,5.235,1.094,0.483,0.322,0.451,0.124,0.149,Africa,2022,83
Ivory Coast,93,5.053,1.094,0.584,0.12,0.467,0.131,0.138,Africa,2023,92
Ivory Coast,96,5.08,1.08,0.578,0.288,0.547,0.164,0.12,Africa,2024,92
Jamaica,65,5.709,0.81038,1.15102,0.68741,0.50442,0.02299,0.2123,North America,2015,58
Jamaica,73,5.51,0.89333,0.96372,0.59469,0.43597,0.04294,0.22245,North America,2016,63
Jamaica,76,5.311,0.92558,1.36822,0.64102,0.47431,0.05527,0.23382,North America,2017,68
Jamaica,56,5.89,0.819,1.493,0.693,0.575,0.031,0.096,North America,2018,52
Jamaica,56,5.89,0.831,1.478,0.831,0.49,0.028,0.107,North America,2019,53
Jamaica,60,5.89,0.78,1.41,0.79,0.55,0.03,0.12,North America,2020,58
Jamaica,37,6.309,0.891,0.932,0.599,0.618,0.035,0.099,North America,2021,37
Jamaica,63,5.85,1.296,1.045,0.646,0.567,0.053,0.08,North America,2022,62
Jamaica,68,5.703,1.305,1.329,0.411,0.587,0.039,0.079,North America,2023,68
Jamaica,67,5.842,1.28,1.324,0.567,0.647,0.028,0.089,North America,2024,65
Japan,46,5.987,1.27074,1.25712,0.99111,0.49615,0.1806,0.10705,Asia,2015,41
Japan,53,5.921,1.38007,1.06054,0.91491,0.46761,0.18985,0.10224,Asia,2016,47
Japan,51,5.92,1.41692,1.43634,0.91348,0.50563,0.16376,0.12057,Asia,2017,47
Japan,54,5.915,1.294,1.462,0.988,0.553,0.15,0.079,Asia,2018,50
Japan,58,5.886,1.327,1.419,1.088,0.445,0.14,0.069,Asia,2019,55
Japan,62,5.87,1.27,1.33,1.07,0.5,0.18,0.044,Asia,2020,59
Japan,56,5.94,1.389,0.949,0.838,0.504,0.192,0.044,Asia,2021,55
Japan,54,6.039,1.835,1.089,0.866,0.537,0.218,0.044,Asia,2022,53
Japan,47,6.129,1.825,1.396,0.622,0.556,0.207,0.044,Asia,2023,47
Japan,51,6.06,1.786,1.354,0.785,0.632,0.219,0.044,Asia,2024,50
Jordan,82,5.192,0.90198,1.05392,0.69639,0.40661,0.14293,0.11053,Asia,2015,71
Jordan,80,5.303,0.99673,0.86216,0.60712,0.36023,0.13297,0.14262,Asia,2016,69
Jordan,74,5.336,0.99101,1.23909,0.60459,0.41842,0.1198,0.17217,Asia,2017,66
Jordan,90,5.161,0.822,1.265,0.645,0.468,0.134,0.13,Asia,2018,81
Jordan,101,4.906,0.837,1.225,0.815,0.383,0.13,0.11,Asia,2019,92
Jordan,119,4.63,0.79,1.14,0.78,0.42,0.15,0.09,Asia,2020,109
Jordan,127,4.395,0.89,0.685,0.583,0.455,0.15,0.079,Asia,2021,116
Jordan,134,4.152,1.324,0.724,0.675,0.476,0.2,0.058,Asia,2022,121
Jordan,123,4.12,1.292,0.98,0.438,0.517,0.173,0.056,Asia,2023,119
Jordan,125,4.186,1.262,0.983,0.594,0.593,0.189,0.059,Asia,2024,118
Kazakhstan,54,5.855,1.12254,1.12241,0.64368,0.51649,0.08454,0.11827,Asia,2015,49
Kazakhstan,54,5.919,1.22943,0.95544,0.57386,0.4052,0.11132,0.15011,Asia,2016,48
Kazakhstan,60,5.819,1.28456,1.38437,0.60604,0.43745,0.11928,0.20196,Asia,2017,55
Kazakhstan,60,5.79,1.143,1.515,0.631,0.454,0.121,0.148,Asia,2018,55
Kazakhstan,60,5.809,1.173,1.508,0.729,0.41,0.096,0.146,Asia,2019,57
Kazakhstan,50,6.06,1.12,1.45,0.7,0.5,0.11,0.15,Asia,2020,48
Kazakhstan,45,6.152,1.23,1.103,0.527,0.573,0.132,0.143,Asia,2021,45
Kazakhstan,40,6.234,1.668,1.22,0.611,0.584,0.157,0.134,Asia,2022,40
Kazakhstan,44,6.144,1.664,1.491,0.389,0.628,0.149,0.136,Asia,2023,44
Kazakhstan,49,6.188,1.622,1.457,0.556,0.717,0.12,0.149,Asia,2024,47
Kenya,125,4.419,0.36471,0.99876,0.41435,0.42215,0.05839,0.37542,Africa,2015,106
Kenya,122,4.356,0.52267,0.7624,0.30147,0.40576,0.06686,0.39,Africa,2016,106
Kenya,112,4.553,0.56048,1.06795,0.30999,0.45276,0.06464,0.39,Africa,2017,100
Kenya,124,4.41,0.493,1.048,0.454,0.504,0.055,0.352,Africa,2018,110
Kenya,121,4.509,0.512,0.983,0.581,0.431,0.053,0.372,Africa,2019,108
Kenya,121,4.58,0.48,0.91,0.54,0.52,0.07,0.39,Africa,2020,110
Kenya,121,4.607,0.603,0.508,0.385,0.483,0.073,0.375,Africa,2021,111
Kenya,119,4.543,1.032,0.605,0.401,0.44,0.082,0.322,Africa,2022,109
Kenya,111,4.487,1.051,0.881,0.19,0.418,0.055,0.291,Africa,2023,108
Kenya,114,4.47,1.037,0.895,0.353,0.519,0.069,0.282,Africa,2024,107
Kosovo,69,5.589,0.80148,0.81198,0.63132,0.24749,0.04741,0.2831,Europe,2015,61
Kosovo,77,5.401,0.90145,0.66062,0.54,0.19,0.06547,0.27992,Europe,2016,66
Kosovo,78,5.279,0.95148,1.13785,0.54145,0.26029,0.05747,0.31993,Europe,2017,70
Kosovo,66,5.662,0.855,1.23,0.578,0.448,0.023,0.274,Europe,2018,61
Kosovo,46,6.1,0.882,1.232,0.758,0.489,0.016,0.262,Europe,2019,44
Kosovo,35,6.33,0.84,1.18,0.67,0.56,0.016,0.33,Europe,2020,35
Kosovo,33,6.372,0.937,0.807,0.483,0.593,0.016,0.356,Europe,2021,33
Kosovo,32,6.455,1.362,0.949,0.569,0.599,0.035,0.309,Europe,2022,32
Kosovo,34,6.368,1.374,1.269,0.372,0.639,0.045,0.275,Europe,2023,34
Kosovo,29,6.561,1.364,1.277,0.599,0.717,0.073,0.254,Europe,2024,28
Kyrgyzstan,77,5.286,0.47428,1.15115,0.65088,0.43477,0.04232,0.3003,Asia,2015,68
Kyrgyzstan,85,5.185,0.56044,0.95434,0.55449,0.40212,0.04762,0.38432,Asia,2016,72
Kyrgyzstan,98,5.004,0.59622,1.39424,0.55346,0.45494,0.03944,0.39,Asia,2017,87
Kyrgyzstan,92,5.131,0.53,1.416,0.594,0.54,0.035,0.281,Asia,2018,83
Kyrgyzstan,86,5.261,0.551,1.438,0.723,0.508,0.023,0.3,Asia,2019,80
Kyrgyzstan,74,5.54,0.51,1.34,0.68,0.61,0.03,0.3,Asia,2020,72
Kyrgyzstan,67,5.744,0.665,0.971,0.501,0.673,0.02,0.266,Asia,2021,66
Kyrgyzstan,64,5.828,1.069,1.109,0.638,0.693,0.025,0.208,Asia,2022,63
Kyrgyzstan,62,5.825,1.061,1.439,0.417,0.717,0.018,0.234,Asia,2023,62
Kyrgyzstan,75,5.714,1.054,1.477,0.588,0.717,0.03,0.225,Asia,2024,73
Latvia,89,5.098,1.11312,1.09562,0.72437,0.29671,0.06332,0.18226,Europe,2015,78
Latvia,68,5.56,1.21788,0.95025,0.63952,0.27996,0.0889,0.17445,Europe,2016,58
Latvia,54,5.85,1.26075,1.40471,0.63857,0.32571,0.07384,0.15307,Europe,2017,50
Latvia,53,5.933,1.148,1.454,0.671,0.363,0.066,0.092,Europe,2018,49
Latvia,53,5.94,1.187,1.465,0.812,0.264,0.064,0.075,Europe,2019,50
Latvia,57,5.95,1.14,1.41,0.78,0.33,0.09,0.08,Europe,2020,54
Latvia,51,6.032,1.285,1.047,0.587,0.405,0.089,0.082,Europe,2021,50
Latvia,42,6.18,1.732,1.221,0.637,0.502,0.09,0.075,Europe,2022,42
Latvia,41,6.213,1.737,1.505,0.405,0.58,0.071,0.107,Europe,2023,41
Latvia,46,6.234,1.7,1.508,0.564,0.666,0.078,0.127,Europe,2024,45
Lebanon,103,4.839,1.02564,0.80001,0.83947,0.33916,0.04582,0.21854,Asia,2015,87
Lebanon,93,5.129,1.12268,0.64184,0.76171,0.26228,0.03061,0.23693,Asia,2016,80
Lebanon,88,5.225,1.07499,1.12962,0.73508,0.28852,0.03751,0.26445,Asia,2017,79
Lebanon,80,5.358,0.965,1.179,0.785,0.503,0.136,0.214,Asia,2018,71
Lebanon,91,5.197,0.987,1.224,0.815,0.216,0.027,0.166,Asia,2019,83
Lebanon,111,4.77,0.89,1.19,0.79,0.19,0.02,0.16,Asia,2020,102
Lebanon,123,4.584,1.045,0.868,0.595,0.19,0.026,0.14,Asia,2021,113
Lebanon,145,2.955,1.392,0.498,0.631,0.19,0.034,0.082,Asia,2022,130
Lebanon,136,2.392,1.417,0.483,0.398,0.19,0.027,0.061,Asia,2023,130
Lebanon,142,2.707,1.377,0.577,0.556,0.19,0.029,0.068,Asia,2024,130
Liberia,116,4.571,0.0712,0.78968,0.34201,0.28531,0.06232,0.24362,Africa,2015,100
Liberia,150,3.622,0.10706,0.50353,0.23165,0.25748,0.04852,0.24063,Africa,2016,127
Liberia,148,3.533,0.11904,0.87212,0.22992,0.33288,0.03895,0.26655,Africa,2017,128
Liberia,149,3.495,0.076,0.858,0.267,0.419,0.03,0.206,Africa,2018,130
Liberia,141,3.975,0.073,0.922,0.443,0.37,0.033,0.233,Africa,2019,125
Liberia,124,4.56,0.17,0.92,0.39,0.41,0.05,0.23,Africa,2020,111
Liberia,120,4.625,0.228,0.58,0.253,0.43,0.057,0.221,Africa,2021,110
Liberia,97,5.122,0.636,0.67,0.309,0.405,0.08,0.178,Africa,2022,88
Liberia,125,4.042,0.628,0.644,0.141,0.471,0.071,0.219,Africa,2023,121
Liberia,121,4.269,0.619,0.673,0.301,0.546,0.075,0.178,Africa,2024,114
Lithuania,56,5.833,1.14723,1.25745,0.73128,0.21342,0.016,0.044,Europe,2015,51
Lithuania,60,5.813,1.2692,1.06411,0.64674,0.19,0.0182,0.044,Europe,2016,54
Lithuania,52,5.902,1.31458,1.47352,0.62895,0.23423,0.016,0.044,Europe,2017,48
Lithuania,50,5.952,1.197,1.515,0.716,0.35,0.016,0.044,Europe,2018,46
Lithuania,42,6.149,1.238,1.515,0.818,0.291,0.042,0.044,Europe,2019,40
Lithuania,41,6.22,1.19,1.43,0.8,0.42,0.08,0.05,Europe,2020,41
Lithuania,38,6.255,1.35,1.065,0.612,0.476,0.073,0.056,Europe,2021,38
Lithuania,34,6.446,1.804,1.204,0.659,0.496,0.077,0.053,Europe,2022,34
Lithuania,20,6.763,1.808,1.511,0.432,0.487,0.089,0.059,Europe,2023,20
Lithuania,19,6.818,1.766,1.454,0.598,0.533,0.116,0.044,Europe,2024,18
Luxembourg,17,6.946,1.56391,1.21963,0.91894,0.61583,0.37798,0.28034,Europe,2015,17
Luxembourg,20,6.871,1.69752,1.03999,0.84542,0.5487,0.35329,0.27571,Europe,2016,19
Luxembourg,18,6.863,1.74194,1.45758,0.84509,0.59663,0.31883,0.28318,Europe,2017,18
Luxembourg,17,6.91,1.576,1.515,0.896,0.632,0.321,0.196,Europe,2018,17
Luxembourg,14,7.09,1.609,1.479,1.012,0.526,0.316,0.194,Europe,2019,14
Luxembourg,10,7.24,1.54,1.39,0.99,0.61,0.37,0.2,Europe,2020,10
Luxembourg,8,7.324,1.751,1.003,0.76,0.639,0.353,0.166,Europe,2021,8
Luxembourg,6,7.404,2.209,1.155,0.79,0.7,0.388,0.12,Europe,2022,6
Luxembourg,9,7.228,2.2,1.357,0.549,0.71,0.389,0.149,Europe,2023,9
Luxembourg,8,7.122,2.141,1.355,0.708,0.717,0.389,0.146,Europe,2024,8
Madagascar,147,3.681,0.20824,0.66801,0.46721,0.19184,0.08124,0.21333,Africa,2015,124
Madagascar,148,3.695,0.27954,0.483,0.37109,0.19,0.07506,0.2204,Africa,2016,125
Madagascar,144,3.644,0.30581,0.91302,0.37522,0.19,0.06723,0.20873,Africa,2017,127
Madagascar,143,3.774,0.262,0.908,0.402,0.221,0.049,0.155,Africa,2018,125
Madagascar,143,3.933,0.274,0.916,0.555,0.19,0.041,0.169,Africa,2019,126
Madagascar,137,4.17,0.24,0.82,0.5,0.19,0.08,0.19,Africa,2020,122
Madagascar,135,4.208,0.266,0.503,0.341,0.207,0.087,0.185,Africa,2021,122
Madagascar,128,4.339,0.67,0.645,0.378,0.202,0.154,0.143,Africa,2022,116
Madagascar,127,4.019,0.632,0.779,0.178,0.19,0.134,0.177,Africa,2023,123
Madagascar,123,4.228,0.628,0.823,0.333,0.25,0.123,0.172,Africa,2024,116
Malawi,131,4.292,0.01604,0.483,0.22562,0.43054,0.06977,0.33128,Africa,2015,111
Malawi,132,4.156,0.08709,0.483,0.29364,0.4143,0.07564,0.30968,Africa,2016,115
Malawi,136,3.97,0.23344,0.51257,0.31509,0.46691,0.07271,0.28717,Africa,2017,121
Malawi,147,3.587,0.186,0.541,0.306,0.531,0.08,0.21,Africa,2018,129
Malawi,150,3.41,0.191,0.56,0.495,0.443,0.089,0.218,Africa,2019,129
Malawi,145,3.54,0.18,0.53,0.45,0.49,0.13,0.21,Africa,2020,127
Malawi,144,3.6,0.113,0.483,0.298,0.484,0.134,0.213,Africa,2021,128
Malawi,138,3.75,0.648,0.483,0.388,0.477,0.157,0.14,Africa,2022,125
Malawi,131,3.495,0.637,0.483,0.189,0.49,0.129,0.139,Africa,2023,126
Malawi,136,3.421,0.617,0.483,0.349,0.571,0.136,0.135,Africa,2024,126
Malaysia,61,5.77,1.12486,1.07023,0.72394,0.53024,0.10501,0.33075,Asia,2015,55
Malaysia,47,6.005,1.25142,0.88025,0.62366,0.39031,0.09081,0.39,Asia,2016,42
Malaysia,42,6.084,1.29122,1.28465,0.61878,0.40226,0.0656,0.39,Asia,2017,39
Malaysia,35,6.322,1.161,1.258,0.669,0.356,0.059,0.311,Asia,2018,34
Malaysia,80,5.339,1.221,1.171,0.828,0.508,0.024,0.26,Asia,2019,75
Malaysia,82,5.38,1.17,1.17,0.79,0.6,0.06,0.27,Asia,2020,77
Malaysia,81,5.384,1.259,0.797,0.587,0.624,0.064,0.27,Asia,2021,77
Malaysia,70,5.711,1.689,0.938,0.62,0.654,0.126,0.213,Asia,2022,68
Malaysia,55,6.012,1.665,1.155,0.385,0.659,0.122,0.222,Asia,2023,55
Malaysia,59,5.975,1.646,1.143,0.54,0.717,0.119,0.226,Asia,2024,58
Mali,138,3.995,0.26074,1.03526,0.20583,0.38857,0.12352,0.18798,Africa,2015,116
Mali,135,4.073,0.31292,0.86333,0.16347,0.27544,0.13647,0.21064,Africa,2016,117
Mali,127,4.19,0.47618,1.28147,0.16937,0.30661,0.10497,0.18335,Africa,2017,113
Mali,118,4.447,0.37,1.233,0.152,0.367,0.056,0.139,Africa,2018,106
Mali,128,4.39,0.385,1.105,0.308,0.327,0.052,0.153,Africa,2019,113
Mali,114,4.73,0.35,0.97,0.23,0.38,0.06,0.17,Africa,2020,104
Mali,117,4.723,0.387,0.59,0.11,0.384,0.072,0.164,Africa,2021,107
Mali,123,4.479,0.792,0.483,0.311,0.35,0.042,0.128,Africa,2022,113
Mali,120,4.198,0.763,0.637,0.106,0.441,0.059,0.121,Africa,2023,116
Mali,122,4.232,0.747,0.688,0.267,0.586,0.09,0.12,Africa,2024,115
Malta,37,6.302,1.2074,1.30203,0.88721,0.60365,0.13586,0.39,Europe,2015,35
Malta,30,6.488,1.30782,1.09879,0.80315,0.54994,0.17554,0.39,Europe,2016,29
Malta,27,6.527,1.34328,1.48841,0.82194,0.58877,0.15307,0.39,Europe,2017,27
Malta,22,6.627,1.27,1.515,0.884,0.645,0.142,0.376,Europe,2018,22
Malta,22,6.726,1.3,1.515,0.999,0.564,0.151,0.375,Europe,2019,22
Malta,22,6.77,1.25,1.44,0.97,0.63,0.18,0.34,Europe,2020,22
Malta,23,6.602,1.411,1.055,0.747,0.664,0.183,0.275,Europe,2021,23
Malta,33,6.447,1.838,1.169,0.789,0.679,0.166,0.174,Europe,2022,33
Malta,37,6.3,1.841,1.468,0.547,0.671,0.143,0.2,Europe,2023,37
Malta,40,6.346,1.827,1.444,0.707,0.717,0.125,0.25,Europe,2024,39
Mauritania,124,4.436,0.45407,0.86908,0.35874,0.24232,0.17461,0.219,Africa,2015,105
Mauritania,130,4.201,0.61391,0.84142,0.28639,0.19,0.17955,0.22686,Africa,2016,113
Mauritania,123,4.292,0.64846,1.27203,0.28535,0.19,0.13696,0.20187,Africa,2017,110
Mauritania,126,4.356,0.557,1.245,0.292,0.19,0.093,0.134,Africa,2018,112
Mauritania,122,4.49,0.57,1.167,0.489,0.19,0.088,0.106,Africa,2019,109
Mauritania,129,4.37,0.54,1.11,0.43,0.19,0.12,0.13,Africa,2020,117
Mauritania,134,4.227,0.666,0.749,0.273,0.218,0.133,0.119,Africa,2021,121
Mauritania,133,4.153,1.1,0.865,0.45,0.304,0.138,0.088,Africa,2022,120
Mauritania,103,4.724,1.099,0.764,0.244,0.32,0.195,0.13,Africa,2023,101
Mauritania,111,4.505,1.078,0.705,0.4,0.343,0.198,0.133,Africa,2024,105
Mauritius,71,5.477,1.00761,0.98521,0.7095,0.56066,0.07521,0.37744,Africa,2015,62
Mauritius,66,5.648,1.14372,0.75695,0.66189,0.46145,0.05203,0.36951,Africa,2016,57
Mauritius,64,5.629,1.1894,1.20956,0.63801,0.49125,0.04218,0.36093,Africa,2017,58
Mauritius,55,5.891,1.09,1.387,0.684,0.584,0.05,0.245,Africa,2018,51
Mauritius,57,5.888,1.12,1.402,0.798,0.498,0.06,0.215,Africa,2019,54
Mauritius,49,6.1,1.07,1.4,0.76,0.59,0.08,0.19,Africa,2020,47
Mauritius,50,6.049,1.178,0.996,0.574,0.59,0.096,0.153,Africa,2021,49
Mauritius,52,6.071,1.591,1.116,0.568,0.589,0.107,0.131,Africa,2022,51
Mauritius,59,5.902,1.589,1.382,0.336,0.574,0.11,0.121,Africa,2023,59
Mauritius,70,5.816,1.57,1.358,0.49,0.641,0.118,0.123,Africa,2024,68
Mexico,14,7.187,1.02054,0.91451,0.81444,0.48181,0.21312,0.14074,North America,2015,14
Mexico,21,6.778,1.11508,0.7146,0.71143,0.37709,0.18355,0.11735,North America,2016,20
Mexico,25,6.578,1.15318,1.21086,0.70998,0.41273,0.13277,0.12099,North America,2017,25
Mexico,24,6.488,1.038,1.252,0.761,0.479,0.095,0.069,North America,2018,24
Mexico,23,6.595,1.07,1.323,0.861,0.433,0.073,0.074,North America,2019,23
Mexico,24,6.47,1.02,1.23,0.83,0.55,0.08,0.08,North America,2020,24
Mexico,36,6.317,1.126,0.83,0.634,0.585,0.089,0.092,North America,2021,36
Mexico,46,6.128,1.552,0.886,0.623,0.621,0.115,0.092,North America,2022,46
Mexico,36,6.33,1.55,1.169,0.389,0.632,0.115,0.086,North America,2023,36
Mexico,25,6.678,1.521,1.241,0.544,0.717,0.127,0.086,North America,2024,24
Moldova,52,5.889,0.59448,1.01528,0.61826,0.32818,0.01615,0.20951,Europe,2015,47
Moldova,55,5.897,0.69177,0.83132,0.52309,0.25202,0.01903,0.19997,Europe,2016,49
Moldova,56,5.838,0.72887,1.25183,0.58947,0.24073,0.016,0.20878,Europe,2017,51
Moldova,67,5.64,0.657,1.301,0.62,0.232,0.016,0.171,Europe,2018,62
Moldova,71,5.529,0.685,1.328,0.739,0.245,0.016,0.181,Europe,2019,67
Moldova,70,5.61,0.71,1.24,0.71,0.39,0.016,0.17,Europe,2020,68
Moldova,65,5.766,0.985,0.888,0.542,0.536,0.016,0.137,Europe,2021,64
Moldova,62,5.857,1.417,1.008,0.597,0.561,0.028,0.102,Europe,2022,61
Moldova,63,5.819,1.425,1.302,0.375,0.61,0.02,0.093,Europe,2023,63
Moldova,71,5.816,1.385,1.277,0.542,0.695,0.044,0.077,Europe,2024,68
Mongolia,100,4.874,0.82819,1.3006,0.60268,0.43626,0.02666,0.3323,Asia,2015,85
Mongolia,101,4.907,0.98853,1.08983,0.55469,0.35972,0.03285,0.34539,Asia,2016,87
Mongolia,100,4.955,1.02724,1.49301,0.55778,0.39414,0.0329,0.33846,Asia,2017,89
Mongolia,94,5.125,0.914,1.515,0.575,0.395,0.032,0.253,Asia,2018,85
Mongolia,83,5.285,0.948,1.515,0.667,0.317,0.038,0.235,Asia,2019,77
Mongolia,81,5.46,0.9,1.46,0.62,0.36,0.05,0.26,Asia,2020,76
Mongolia,70,5.677,0.966,1.065,0.442,0.397,0.053,0.263,Asia,2021,69
Mongolia,68,5.761,1.393,1.197,0.467,0.398,0.059,0.247,Asia,2022,66
Mongolia,61,5.84,1.379,1.494,0.244,0.425,0.058,0.239,Asia,2023,61
Mongolia,77,5.696,1.353,1.511,0.4,0.501,0.055,0.237,Asia,2024,75
Montenegro,82,5.192,0.97438,0.90557,0.72521,0.19,0.14296,0.1614,Europe,2015,71
Montenegro,88,5.161,1.07838,0.74173,0.63533,0.19,0.12721,0.17191,Europe,2016,75
Montenegro,83,5.237,1.12113,1.23838,0.66746,0.19499,0.08817,0.19791,Europe,2017,75
Montenegro,81,5.347,1.017,1.279,0.729,0.259,0.081,0.111,Europe,2018,73
Montenegro,73,5.523,1.051,1.361,0.871,0.197,0.08,0.142,Europe,2019,68
Montenegro,72,5.55,1.01,1.27,0.84,0.3,0.1,0.15,Europe,2020,70
Montenegro,72,5.581,1.155,0.891,0.637,0.397,0.081,0.166,Europe,2021,71
Montenegro,75,5.547,1.573,1.023,0.659,0.46,0.077,0.135,Europe,2022,73
Montenegro,67,5.722,1.537,1.385,0.424,0.563,0.061,0.17,Europe,2023,67
Montenegro,76,5.707,1.571,1.318,0.587,0.632,0.132,0.11,Europe,2024,74
Morocco,92,5.013,0.73479,0.64095,0.60954,0.41691,0.08546,0.07172,Africa,2015,80
Morocco,90,5.151,0.84058,0.483,0.59471,0.25646,0.08404,0.044,Africa,2016,77
Morocco,84,5.235,0.87811,0.77486,0.59771,0.40816,0.08776,0.044,Africa,2017,76
Morocco,85,5.254,0.779,0.797,0.669,0.46,0.074,0.044,Africa,2018,77
Morocco,89,5.208,0.801,0.782,0.782,0.418,0.076,0.044,Africa,2019,82
Morocco,97,5.09,0.76,0.65,0.75,0.45,0.08,0.044,Africa,2020,89
Morocco,106,4.918,0.792,0.483,0.558,0.477,0.088,0.044,Africa,2021,97
Morocco,100,5.06,1.208,0.483,0.565,0.492,0.102,0.044,Africa,2022,92
Morocco,100,4.903,1.236,0.535,0.337,0.54,0.085,0.044,Africa,2023,98
Morocco,107,4.795,1.213,0.483,0.495,0.631,0.082,0.044,Africa,2024,101
Myanmar,129,4.307,0.27108,0.70905,0.48246,0.44017,0.19034,0.39,Asia,2015,109
Myanmar,119,4.395,0.34112,0.69981,0.3988,0.42692,0.20243,0.39,Asia,2016,103
Myanmar,114,4.545,0.36711,1.12324,0.39752,0.51449,0.18882,0.39,Asia,2017,101
Myanmar,130,4.308,0.682,1.174,0.429,0.58,0.178,0.39,Asia,2018,116
Myanmar,131,4.36,0.71,1.181,0.555,0.525,0.172,0.39,Asia,2019,116
Myanmar,133,4.31,0.68,1.1,0.5,0.6,0.19,0.39,Asia,2020,119
Myanmar,126,4.426,0.666,0.713,0.341,0.601,0.178,0.39,Asia,2021,115
Myanmar,126,4.394,1.038,0.829,0.491,0.513,0.194,0.39,Asia,2022,114
Myanmar,117,4.372,1.032,1.125,0.269,0.46,0.194,0.39,Asia,2023,114
Myanmar,118,4.354,0.978,0.988,0.436,0.45,0.174,0.39,Asia,2024,111
Nepal,121,4.514,0.35997,0.86449,0.56874,0.38282,0.05907,0.32296,Asia,2015,102
Nepal,107,4.793,0.44626,0.69699,0.50073,0.37012,0.07008,0.3816,Asia,2016,92
Nepal,99,4.962,0.47982,1.17928,0.50413,0.44031,0.07298,0.39,Asia,2017,88
Nepal,101,4.88,0.425,1.228,0.539,0.526,0.078,0.302,Asia,2018,90
Nepal,100,4.913,0.446,1.226,0.677,0.439,0.089,0.285,Asia,2019,91
Nepal,92,5.14,0.44,1.1,0.67,0.48,0.13,0.3,Asia,2020,85
Nepal,87,5.269,0.519,0.702,0.496,0.488,0.135,0.287,Asia,2021,83
Nepal,84,5.377,0.984,0.784,0.499,0.519,0.13,0.237,Asia,2022,79
Nepal,78,5.36,0.979,1.027,0.281,0.567,0.104,0.215,Asia,2023,78
Nepal,93,5.158,0.965,0.99,0.443,0.653,0.115,0.209,Asia,2024,90
Netherlands,7,7.378,1.32944,1.28017,0.89284,0.61576,0.31814,0.39,Europe,2015,7
Netherlands,7,7.339,1.46468,1.02912,0.81231,0.55211,0.29927,0.39,Europe,2016,7
Netherlands,6,7.377,1.50394,1.42894,0.8107,0.58538,0.28266,0.39,Europe,2017,6
Netherlands,6,7.441,1.361,1.488,0.878,0.638,0.295,0.333,Europe,2018,6
Netherlands,5,7.488,1.396,1.515,0.999,0.557,0.298,0.322,Europe,2019,5
Netherlands,6,7.45,1.34,1.46,0.98,0.61,0.37,0.34,Europe,2020,6
Netherlands,5,7.464,1.501,1.079,0.753,0.647,0.384,0.302,Europe,2021,5
Netherlands,5,7.415,1.945,1.206,0.787,0.651,0.389,0.271,Europe,2022,5
Netherlands,5,7.403,1.942,1.488,0.545,0.672,0.389,0.251,Europe,2023,5
Netherlands,6,7.319,1.901,1.462,0.706,0.717,0.372,0.247,Europe,2024,6
New Zealand,9,7.286,1.25018,1.31967,0.90837,0.63938,0.389,0.39,Oceania,2015,9
New Zealand,8,7.334,1.36066,1.17278,0.83096,0.58147,0.389,0.39,Oceania,2016,8
New Zealand,8,7.314,1.40571,1.515,0.81676,0.61406,0.38282,0.39,Oceania,2017,8
New Zealand,8,7.324,1.268,1.515,0.876,0.669,0.389,0.365,Oceania,2018,8
New Zealand,8,7.307,1.303,1.515,1.026,0.585,0.38,0.33,Oceania,2019,8
New Zealand,8,7.3,1.24,1.49,1.01,0.65,0.389,0.33,Oceania,2020,8
New Zealand,9,7.277,1.4,1.094,0.785,0.665,0.389,0.276,Oceania,2021,9
New Zealand,10,7.2,1.852,1.235,0.752,0.68,0.389,0.245,Oceania,2022,10
New Zealand,10,7.123,1.842,1.515,0.513,0.672,0.389,0.23,Oceania,2023,10
New Zealand,11,7.029,1.81,1.515,0.673,0.717,0.389,0.226,Oceania,2024,11
Nicaragua,57,5.828,0.59325,1.14184,0.74314,0.55475,0.19317,0.27815,North America,2015,52
Nicaragua,48,5.992,0.69384,0.89521,0.65213,0.46582,0.16292,0.29773,North America,2016,43
Nicaragua,43,6.071,0.7373,1.28722,0.6531,0.44755,0.13069,0.30167,North America,2017,40
Nicaragua,41,6.141,0.668,1.319,0.7,0.527,0.128,0.208,North America,2018,39
Nicaragua,45,6.105,0.694,1.325,0.835,0.435,0.127,0.2,North America,2019,43
Nicaragua,46,6.14,0.62,1.27,0.8,0.56,0.17,0.21,North America,2020,45
Nicaragua,55,5.972,0.693,0.904,0.604,0.553,0.176,0.201,North America,2021,54
Nicaragua,45,6.165,1.105,1.029,0.617,0.617,0.212,0.168,North America,2022,45
Nicaragua,40,6.259,1.109,1.292,0.385,0.66,0.218,0.148,North America,2023,40
Nicaragua,43,6.284,1.097,1.263,0.542,0.717,0.251,0.133,North America,2024,42
Niger,144,3.845,0.0694,0.77265,0.29707,0.47692,0.15639,0.19387,Africa,2015,121
Niger,142,3.856,0.1327,0.6053,0.26162,0.38041,0.17176,0.2097,Africa,2016,121
Niger,135,4.028,0.16193,0.99303,0.26851,0.36366,0.13857,0.22867,Africa,2017,120
Niger,134,4.166,0.131,0.867,0.221,0.39,0.099,0.175,Africa,2018,119
Niger,114,4.628,0.138,0.774,0.366,0.318,0.102,0.188,Africa,2019,102
Niger,103,4.91,0.11,0.7,0.3,0.44,0.14,0.21,Africa,2020,95
Niger,96,5.074,0.162,0.483,0.167,0.516,0.157,0.2,Africa,2021,90
Niger,104,5.003,0.57,0.56,0.326,0.571,0.145,0.165,Africa,2022,95
Niger,109,4.501,0.561,0.628,0.137,0.54,0.14,0.154,Africa,2023,106
Niger,109,4.556,0.573,0.677,0.293,0.615,0.147,0.145,Africa,2024,103
Nigeria,78,5.268,0.65435,0.90432,0.16007,0.34334,0.0403,0.27233,Africa,2015,69
Nigeria,103,4.875,0.75216,0.64498,0.05108,0.27854,0.0305,0.23219,Africa,2016,88
Nigeria,95,5.074,0.78376,1.21577,0.05692,0.39495,0.02612,0.23095,Africa,2017,84
Nigeria,91,5.155,0.689,1.172,0.048,0.462,0.032,0.201,Africa,2018,82
Nigeria,85,5.265,0.696,1.111,0.245,0.426,0.041,0.215,Africa,2019,79
Nigeria,115,4.72,0.65,0.99,0.17,0.44,0.05,0.22,Africa,2020,105
Nigeria,116,4.759,0.663,0.625,0.051,0.433,0.039,0.212,Africa,2021,106
Nigeria,118,4.552,1.079,0.732,0.3,0.444,0.038,0.175,Africa,2022,108
Nigeria,95,4.981,1.065,1.007,0.092,0.448,0.016,0.176,Africa,2023,94
Nigeria,102,4.881,1.042,1.075,0.256,0.566,0.019,0.201,Africa,2024,97
North Macedonia,93,5.007,0.91851,1.00232,0.73545,0.33457,0.05327,0.22359,Europe,2015,81
North Macedonia,95,5.121,1.0193,0.78236,0.64738,0.27668,0.07047,0.23507,Europe,2016,82
North Macedonia,92,5.175,1.06458,1.20789,0.64495,0.32591,0.06028,0.25376,Europe,2017,83
North Macedonia,89,5.185,0.959,1.239,0.691,0.394,0.052,0.173,Europe,2018,80
North Macedonia,84,5.274,0.983,1.294,0.838,0.345,0.034,0.185,Europe,2019,78
North Macedonia,90,5.16,0.94,1.18,0.8,0.41,0.02,0.19,Europe,2020,83
North Macedonia,94,5.101,1.068,0.772,0.535,0.45,0.022,0.212,Europe,2021,88
North Macedonia,89,5.199,1.505,0.863,0.637,0.488,0.031,0.215,Europe,2022,84
North Macedonia,87,5.254,1.498,1.171,0.408,0.515,0.02,0.207,Europe,2023,87
North Macedonia,84,5.369,1.475,1.277,0.569,0.58,0.016,0.194,Europe,2024,82
Norway,4,7.522,1.459,1.33095,0.88521,0.66973,0.36503,0.34699,Europe,2015,4
Norway,4,7.498,1.57744,1.1269,0.79579,0.59609,0.35776,0.37895,Europe,2016,4
Norway,1,7.537,1.61646,1.515,0.79667,0.63542,0.31596,0.36201,Europe,2017,1
Norway,2,7.594,1.456,1.515,0.861,0.686,0.34,0.286,Europe,2018,2
Norway,3,7.554,1.488,1.515,1.028,0.603,0.341,0.271,Europe,2019,3
Norway,5,7.49,1.42,1.5,1.01,0.67,0.389,0.29,Europe,2020,5
Norway,6,7.392,1.543,1.108,0.782,0.703,0.389,0.249,Europe,2021,6
Norway,8,7.365,1.997,1.239,0.786,0.717,0.389,0.217,Europe,2022,8
Norway,7,7.315,1.994,1.515,0.544,0.717,0.389,0.212,Europe,2023,7
Norway,7,7.302,1.952,1.515,0.704,0.717,0.389,0.224,Europe,2024,7
Pakistan,81,5.194,0.59543,0.483,0.51466,0.19,0.10464,0.33671,Asia,2015,70
Pakistan,92,5.132,0.68816,0.483,0.40306,0.19,0.1388,0.31185,Asia,2016,79
Pakistan,80,5.269,0.72688,0.67269,0.40205,0.23522,0.12435,0.31545,Asia,2017,72
Pakistan,75,5.472,0.652,0.81,0.424,0.334,0.113,0.216,Asia,2018,67
Pakistan,67,5.653,0.677,0.886,0.535,0.313,0.098,0.22,Asia,2019,63
Pakistan,66,5.69,0.62,0.87,0.47,0.41,0.12,0.23,Asia,2020,65
Pakistan,105,4.934,0.637,0.483,0.322,0.418,0.097,0.252,Asia,2021,96
Pakistan,121,4.516,1.049,0.483,0.374,0.448,0.112,0.181,Asia,2022,110
Pakistan,108,4.555,1.081,0.657,0.158,0.511,0.102,0.141,Asia,2023,105
Pakistan,108,4.657,1.069,0.6,0.321,0.542,0.074,0.144,Asia,2024,102
Palestinian Territories,108,4.715,0.59867,0.92558,0.66015,0.24499,0.12905,0.11251,Asia,2015,92
Palestinian Territories,108,4.754,0.67024,0.71629,0.56844,0.19,0.10613,0.11154,Asia,2016,93
Palestinian Territories,103,4.775,0.71625,1.15565,0.56567,0.25471,0.08928,0.11417,Asia,2017,92
Palestinian Territories,104,4.743,0.642,1.217,0.602,0.266,0.076,0.086,Asia,2018,93
Palestinian Territories,110,4.696,0.657,1.247,0.672,0.225,0.066,0.103,Asia,2019,100
Palestinian Territories,125,4.55,0.59,1.19,0.61,0.3,0.07,0.09,Asia,2020,113
Palestinian Territories,125,4.517,0.646,0.819,0.434,0.33,0.075,0.082,Asia,2021,114
Palestinian Territories,122,4.483,1.148,0.957,0.521,0.336,0.079,0.073,Asia,2022,112
Palestinian Territories,99,4.908,1.144,1.309,0.521,0.416,0.067,0.065,Asia,2023,97
Palestinian Territories,103,4.879,1.144,1.309,0.521,0.416,0.067,0.065,Asia,2024,98
Panama,25,6.786,1.06353,1.1985,0.79661,0.5421,0.0927,0.24434,North America,2015,24
Panama,25,6.701,1.18306,0.98912,0.70835,0.48927,0.08423,0.2418,North America,2016,24
Panama,30,6.452,1.23375,1.37319,0.70616,0.55003,0.07098,0.21056,North America,2017,30
Panama,27,6.43,1.112,1.438,0.759,0.597,0.063,0.125,North America,2018,27
Panama,31,6.321,1.149,1.442,0.91,0.516,0.054,0.109,North America,2019,30
Panama,36,6.3,1.1,1.38,0.88,0.58,0.05,0.1,North America,2020,36
Panama,41,6.18,1.298,0.976,0.667,0.596,0.053,0.079,North America,2021,41
Panama,37,6.309,1.715,1.107,0.709,0.592,0.051,0.049,North America,2022,37
Panama,38,6.265,1.714,1.402,0.475,0.63,0.036,0.065,North America,2023,38
Panama,39,6.358,1.702,1.392,0.633,0.717,0.043,0.063,North America,2024,38
Paraguay,53,5.878,0.75985,1.30477,0.66098,0.53899,0.08242,0.3424,South America,2015,48
Paraguay,70,5.538,0.89373,1.11111,0.58295,0.46235,0.07396,0.25296,South America,2016,60
Paraguay,70,5.493,0.93254,1.50728,0.57925,0.47351,0.09107,0.22415,South America,2017,62
Paraguay,64,5.681,0.835,1.515,0.615,0.541,0.074,0.162,South America,2018,59
Paraguay,63,5.743,0.855,1.475,0.777,0.514,0.08,0.184,South America,2019,60
Paraguay,67,5.69,0.9,1.37,0.74,0.59,0.07,0.2,South America,2020,65
Paraguay,71,5.653,0.983,0.97,0.549,0.602,0.037,0.206,South America,2021,70
Paraguay,73,5.578,1.409,1.13,0.624,0.629,0.059,0.171,South America,2022,71
Paraguay,66,5.738,1.428,1.427,0.392,0.678,0.062,0.148,South America,2023,66
Paraguay,57,5.977,1.398,1.408,0.549,0.717,0.065,0.131,South America,2024,56
Peru,58,5.824,0.90019,0.97459,0.73017,0.41496,0.05989,0.14982,South America,2015,53
Peru,64,5.743,0.99602,0.81255,0.62994,0.37502,0.05292,0.14527,South America,2016,56
Peru,63,5.715,1.03523,1.21877,0.63017,0.45,0.04705,0.12682,South America,2017,57
Peru,65,5.663,0.934,1.249,0.674,0.53,0.034,0.092,South America,2018,60
Peru,65,5.697,0.96,1.274,0.854,0.455,0.027,0.083,South America,2019,61
Peru,63,5.8,0.92,1.21,0.82,0.51,0.03,0.09,South America,2020,61
Peru,63,5.84,0.986,0.833,0.623,0.536,0.031,0.087,South America,2021,62
Peru,74,5.559,1.397,0.865,0.735,0.545,0.037,0.09,South America,2022,72
Peru,75,5.526,1.39,1.153,0.499,0.549,0.027,0.073,South America,2023,75
Peru,68,5.841,1.371,1.18,0.662,0.615,0.029,0.078,South America,2024,66
Philippines,90,5.073,0.70532,1.03516,0.58114,0.62545,0.12279,0.24991,Asia,2015,79
Philippines,82,5.279,0.81217,0.87877,0.47036,0.54854,0.11757,0.21674,Asia,2016,70
Philippines,72,5.43,0.8577,1.25392,0.46801,0.58521,0.09933,0.19351,Asia,2017,64
Philippines,71,5.524,0.775,1.312,0.513,0.643,0.105,0.12,Asia,2018,64
Philippines,69,5.631,0.807,1.293,0.657,0.558,0.107,0.117,Asia,2019,65
Philippines,52,6.01,0.78,1.25,0.6,0.62,0.13,0.13,Asia,2020,50
Philippines,61,5.88,0.853,0.828,0.426,0.651,0.126,0.125,Asia,2021,60
Philippines,60,5.904,1.268,0.912,0.514,0.678,0.142,0.107,Asia,2022,59
Philippines,76,5.523,1.238,1.108,0.286,0.714,0.141,0.104,Asia,2023,76
Philippines,53,6.048,1.232,1.146,0.441,0.717,0.136,0.099,Asia,2024,52
Poland,60,5.791,1.12555,1.27948,0.77903,0.53122,0.04212,0.16759,Europe,2015,54
Poland,57,5.835,1.24585,1.04685,0.69058,0.4519,0.055,0.14443,Europe,2016,51
Poland,46,5.973,1.29179,1.44571,0.69948,0.52034,0.05931,0.15847,Europe,2017,43
Poland,42,6.123,1.176,1.448,0.781,0.546,0.064,0.108,Europe,2018,40
Poland,40,6.182,1.206,1.438,0.884,0.483,0.05,0.117,Europe,2019,38
Poland,43,6.19,1.17,1.31,0.87,0.56,0.16,0.06,Europe,2020,42
Poland,44,6.166,1.309,0.982,0.668,0.558,0.13,0.08,Europe,2021,44
Poland,48,6.123,1.758,1.174,0.712,0.523,0.14,0.124,Europe,2022,48
Poland,39,6.26,1.767,1.474,0.477,0.511,0.139,0.12,Europe,2023,39
Poland,35,6.442,1.738,1.417,0.639,0.6,0.175,0.081,Europe,2024,34
Portugal,88,5.102,1.15991,1.13935,0.87519,0.51469,0.016,0.13719,Europe,2015,77
Portugal,94,5.123,1.27607,0.94367,0.79363,0.44727,0.016,0.11691,Europe,2016,81
Portugal,89,5.195,1.31518,1.36704,0.79584,0.49847,0.016,0.0951,Europe,2017,80
Portugal,77,5.41,1.188,1.429,0.884,0.562,0.017,0.055,Europe,2018,69
Portugal,66,5.693,1.221,1.431,0.999,0.508,0.025,0.047,Europe,2019,62
Portugal,59,5.91,1.17,1.34,0.98,0.59,0.03,0.05,Europe,2020,57
Portugal,58,5.929,1.323,0.939,0.76,0.621,0.033,0.044,Europe,2021,56
Portugal,56,6.016,1.76,1.078,0.777,0.655,0.039,0.044,Europe,2022,55
Portugal,56,5.968,1.758,1.356,0.537,0.693,0.037,0.044,Europe,2023,56
Portugal,55,6.03,1.728,1.368,0.699,0.717,0.035,0.047,Europe,2024,54
Romania,86,5.124,1.04345,0.88588,0.7689,0.35068,0.016,0.13748,Europe,2015,75
Romania,71,5.528,1.1697,0.72803,0.67602,0.36712,0.016,0.12889,Europe,2016,61
Romania,57,5.825,1.21768,1.15009,0.68516,0.457,0.016,0.13352,Europe,2017,53
Romania,52,5.945,1.116,1.219,0.726,0.528,0.016,0.088,Europe,2018,48
Romania,48,6.07,1.162,1.232,0.825,0.462,0.016,0.083,Europe,2019,46
Romania,47,6.12,1.12,1.19,0.79,0.53,0.016,0.07,Europe,2020,46
Romania,46,6.14,1.275,0.832,0.595,0.564,0.016,0.045,Europe,2021,46
Romania,28,6.477,1.719,1.006,0.655,0.605,0.016,0.044,Europe,2022,28
Romania,24,6.589,1.726,1.28,0.423,0.631,0.016,0.044,Europe,2023,24
Romania,32,6.491,1.699,1.236,0.583,0.717,0.016,0.044,Europe,2024,31
Russia,64,5.716,1.13764,1.23617,0.66926,0.36679,0.03005,0.044,Europe,2015,57
Russia,56,5.856,1.23228,1.05261,0.58991,0.32682,0.03586,0.044,Europe,2016,50
Russia,49,5.963,1.28178,1.46928,0.54735,0.37378,0.03296,0.05226,Europe,2017,46
Russia,59,5.81,1.151,1.479,0.599,0.399,0.025,0.065,Europe,2018,54
Russia,68,5.648,1.183,1.452,0.726,0.334,0.031,0.082,Europe,2019,64
Russia,73,5.55,1.13,1.38,0.68,0.4,0.05,0.1,Europe,2020,70
Russia,76,5.477,1.241,0.992,0.511,0.409,0.06,0.115,Europe,2021,73
Russia,80,5.459,1.685,1.095,0.586,0.401,0.08,0.117,Europe,2022,76
Russia,70,5.661,1.68,1.383,0.366,0.449,0.091,0.12,Europe,2023,70
Russia,72,5.785,1.642,1.351,0.531,0.551,0.121,0.138,Europe,2024,70
Saudi Arabia,35,6.411,1.39541,1.08393,0.72025,0.31048,0.32524,0.13706,Asia,2015,33
Saudi Arabia,34,6.379,1.48953,0.84829,0.59267,0.37904,0.30008,0.15457,Asia,2016,33
Saudi Arabia,37,6.344,1.53062,1.28668,0.59015,0.44975,0.27343,0.14762,Asia,2017,36
Saudi Arabia,33,6.371,1.379,1.331,0.633,0.509,0.127,0.098,Asia,2018,32
Saudi Arabia,28,6.375,1.403,1.357,0.795,0.439,0.132,0.08,Asia,2019,28
Saudi Arabia,27,6.41,1.33,1.31,0.76,0.55,0.16,0.09,Asia,2020,27
Saudi Arabia,26,6.494,1.435,0.964,0.571,0.603,0.163,0.09,Asia,2021,26
Saudi Arabia,25,6.523,1.87,1.092,0.577,0.651,0.18,0.078,Asia,2022,25
Saudi Arabia,30,6.463,1.861,1.37,0.351,0.682,0.17,0.093,Asia,2023,30
Saudi Arabia,28,6.594,1.842,1.361,0.511,0.717,0.188,0.114,Asia,2024,27
Senegal,142,3.904,0.36498,0.97619,0.4354,0.36772,0.10713,0.20843,Africa,2015,119
Senegal,128,4.219,0.44314,0.77416,0.40457,0.31056,0.11681,0.19103,Africa,2016,111
Senegal,115,4.535,0.47931,1.17969,0.40936,0.37792,0.11546,0.18347,Africa,2017,102
Senegal,109,4.631,0.429,1.117,0.433,0.406,0.082,0.138,Africa,2018,98
Senegal,111,4.681,0.45,1.134,0.571,0.292,0.072,0.153,Africa,2019,101
Senegal,101,4.98,0.5,0.95,0.52,0.35,0.08,0.16,Africa,2020,93
Senegal,92,5.132,0.518,0.558,0.357,0.381,0.088,0.158,Africa,2021,86
Senegal,103,5.046,0.933,0.53,0.447,0.494,0.081,0.143,Africa,2022,94
Senegal,102,4.855,0.943,0.727,0.231,0.519,0.06,0.142,Africa,2023,100
Senegal,99,4.969,0.927,0.751,0.392,0.607,0.069,0.152,Africa,2024,95
Serbia,87,5.123,0.92053,1.00964,0.74836,0.20107,0.02617,0.19231,Europe,2015,76
Serbia,86,5.177,1.03437,0.81329,0.6458,0.19,0.04339,0.20737,Europe,2016,73
Serbia,73,5.395,1.06932,1.25819,0.65078,0.20872,0.0409,0.22013,Europe,2017,65
Serbia,78,5.398,0.975,1.369,0.685,0.288,0.043,0.134,Europe,2018,70
Serbia,70,5.603,1.004,1.383,0.854,0.282,0.039,0.137,Europe,2019,66
Serbia,64,5.78,0.99,1.33,0.83,0.4,0.06,0.15,Europe,2020,62
Serbia,48,6.078,1.101,0.924,0.634,0.482,0.066,0.189,Europe,2021,47
Serbia,43,6.178,1.55,1.086,0.658,0.546,0.088,0.219,Europe,2022,43
Serbia,45,6.144,1.552,1.343,0.424,0.617,0.081,0.246,Europe,2023,44
Serbia,37,6.411,1.538,1.391,0.585,0.663,0.101,0.2,Europe,2024,36
Sierra Leone,123,4.507,0.33024,0.95571,0.0,0.4084,0.08786,0.21488,Africa,2015,104
Sierra Leone,111,4.635,0.36485,0.628,0.0,0.30685,0.08196,0.23897,Africa,2016,96
Sierra Leone,106,4.709,0.36842,0.98414,0.00556,0.3187,0.0711,0.29304,Africa,2017,95
Sierra Leone,113,4.571,0.256,0.813,0.0,0.355,0.053,0.238,Africa,2018,101
Sierra Leone,129,4.374,0.268,0.841,0.242,0.309,0.045,0.252,Africa,2019,114
Sierra Leone,139,3.93,0.24,0.75,0.2,0.38,0.05,0.26,Africa,2020,124
Sierra Leone,138,3.849,0.279,0.483,0.1,0.408,0.047,0.243,Africa,2021,125
Sierra Leone,140,3.574,0.686,0.483,0.273,0.387,0.055,0.202,Africa,2022,127
Sierra Leone,135,3.138,0.67,0.54,0.092,0.371,0.051,0.193,Africa,2023,129
Sierra Leone,140,3.245,0.654,0.566,0.253,0.469,0.053,0.181,Africa,2024,129
Singapore,24,6.798,1.52186,1.02,1.02525,0.54252,0.389,0.31105,Asia,2015,23
Singapore,22,6.739,1.64555,0.86758,0.94719,0.4877,0.389,0.32706,Asia,2016,21
Singapore,26,6.572,1.69228,1.35381,0.94949,0.54984,0.389,0.34597,Asia,2017,26
Singapore,34,6.343,1.529,1.451,1.008,0.631,0.389,0.261,Asia,2018,33
Singapore,34,6.262,1.572,1.463,1.141,0.556,0.389,0.271,Asia,2019,33
Singapore,31,6.38,1.52,1.4,1.14,0.64,0.389,0.22,Asia,2020,31
Singapore,32,6.377,1.695,1.019,0.897,0.664,0.389,0.176,Asia,2021,32
Singapore,27,6.48,2.149,1.127,0.851,0.672,0.389,0.163,Asia,2022,27
Singapore,25,6.587,2.168,1.354,0.607,0.66,0.389,0.17,Asia,2023,25
Singapore,30,6.523,2.118,1.361,0.769,0.717,0.389,0.168,Asia,2024,29
Slovakia,45,5.995,1.16891,1.26999,0.78902,0.31751,0.03431,0.16893,Europe,2015,40
Slovakia,45,6.078,1.27973,1.08268,0.70367,0.23391,0.02947,0.13837,Europe,2016,40
Slovakia,40,6.098,1.32539,1.50506,0.71273,0.29582,0.02421,0.13654,Europe,2017,37
Slovakia,39,6.173,1.21,1.515,0.776,0.354,0.016,0.118,Europe,2018,37
Slovakia,38,6.198,1.246,1.504,0.881,0.334,0.016,0.121,Europe,2019,37
Slovakia,37,6.28,1.19,1.42,0.85,0.42,0.016,0.12,Europe,2020,37
Slovakia,34,6.331,1.304,1.066,0.653,0.468,0.018,0.107,Europe,2021,34
Slovakia,35,6.391,1.736,1.232,0.707,0.479,0.025,0.118,Europe,2022,35
Slovakia,29,6.469,1.731,1.515,0.472,0.494,0.022,0.128,Europe,2023,29
Slovakia,45,6.257,1.706,1.515,0.638,0.566,0.058,0.096,Europe,2024,44
Slovenia,55,5.848,1.18498,1.27385,0.87337,0.60855,0.03787,0.25328,Europe,2015,50
Slovenia,63,5.768,1.29947,1.05613,0.79151,0.53164,0.03635,0.25738,Europe,2016,55
Slovenia,62,5.758,1.34121,1.45252,0.79083,0.57258,0.04513,0.24265,Europe,2017,56
Slovenia,51,5.948,1.219,1.506,0.856,0.633,0.051,0.16,Europe,2018,47
Slovenia,44,6.118,1.258,1.515,0.953,0.564,0.057,0.144,Europe,2019,42
Slovenia,33,6.36,1.21,1.46,0.93,0.65,0.08,0.15,Europe,2020,33
Slovenia,29,6.461,1.36,1.093,0.722,0.69,0.085,0.122,Europe,2021,29
Slovenia,22,6.63,1.81,1.249,0.769,0.685,0.115,0.118,Europe,2022,22
Slovenia,22,6.65,1.815,1.515,0.532,0.707,0.113,0.144,Europe,2023,22
Slovenia,21,6.743,1.786,1.502,0.695,0.717,0.131,0.157,Europe,2024,20
South Africa,113,4.642,0.92049,1.18468,0.27688,0.33207,0.08884,0.11973,Africa,2015,97
South Africa,116,4.459,1.02416,0.96053,0.18611,0.42483,0.08415,0.13656,Africa,2016,100
South Africa,101,4.829,1.0547,1.38479,0.18708,0.47925,0.07251,0.13936,Africa,2017,90
South Africa,105,4.724,0.94,1.41,0.33,0.516,0.056,0.103,Africa,2018,94
South Africa,106,4.722,0.96,1.351,0.469,0.389,0.055,0.13,Africa,2019,96
South Africa,109,4.81,0.9,1.26,0.41,0.43,0.06,0.13,Africa,2020,100
South Africa,103,4.956,0.967,0.895,0.265,0.447,0.051,0.144,Africa,2021,94
South Africa,91,5.194,1.425,1.088,0.361,0.442,0.046,0.089,Africa,2022,86
South Africa,85,5.275,1.417,1.428,0.149,0.464,0.019,0.09,Africa,2023,85
South Africa,83,5.422,1.389,1.369,0.322,0.537,0.034,0.078,Africa,2024,81
South Korea,47,5.984,1.24461,0.95774,0.96538,0.33208,0.07857,0.18557,Asia,2015,42
South Korea,57,5.835,1.35948,0.72194,0.88645,0.25168,0.07716,0.18824,Asia,2016,51
South Korea,55,5.838,1.40168,1.12827,0.90021,0.25792,0.06328,0.20667,Asia,2017,51
South Korea,57,5.875,1.266,1.204,0.955,0.244,0.051,0.175,Asia,2018,53
South Korea,54,5.895,1.301,1.219,1.036,0.19,0.056,0.175,Asia,2019,51
South Korea,61,5.87,1.25,1.13,1.02,0.26,0.09,0.17,Asia,2020,59
South Korea,62,5.845,1.403,0.758,0.801,0.353,0.135,0.134,Asia,2021,61
South Korea,59,5.935,1.851,0.886,0.841,0.414,0.176,0.111,Asia,2022,58
South Korea,57,5.951,1.853,1.188,0.603,0.446,0.163,0.112,Asia,2023,57
South Korea,52,6.058,1.815,1.178,0.77,0.555,0.158,0.126,Asia,2024,51
Spain,36,6.329,1.23011,1.31379,0.95562,0.45951,0.06398,0.18227,Europe,2015,34
Spain,37,6.361,1.34253,1.12945,0.87896,0.37545,0.06137,0.17665,Europe,2016,35
Spain,34,6.403,1.3844,1.515,0.88896,0.40878,0.07091,0.19013,Europe,2017,34
Spain,36,6.31,1.251,1.515,0.965,0.449,0.074,0.142,Europe,2018,35
Spain,30,6.354,1.286,1.484,1.062,0.362,0.079,0.153,Europe,2019,29
Spain,28,6.4,1.23,1.42,1.05,0.43,0.11,0.17,Europe,2020,28
Spain,27,6.491,1.375,1.057,0.826,0.462,0.124,0.135,Europe,2021,27
Spain,29,6.476,1.808,1.211,0.808,0.505,0.149,0.101,Europe,2022,29
Spain,32,6.436,1.798,1.491,0.567,0.533,0.157,0.101,Europe,2023,32
Spain,36,6.421,1.766,1.471,0.729,0.619,0.177,0.119,Europe,2024,35
Sri Lanka,132,4.271,0.83524,1.01905,0.70806,0.53726,0.09179,0.39,Asia,2015,112
Sri Lanka,117,4.415,0.97318,0.84783,0.62007,0.50817,0.07964,0.39,Asia,2016,101
Sri Lanka,120,4.44,1.00985,1.25998,0.62513,0.56121,0.07365,0.39,Asia,2017,107
Sri Lanka,116,4.471,0.918,1.314,0.672,0.585,0.05,0.307,Asia,2018,104
Sri Lanka,130,4.366,0.949,1.265,0.831,0.47,0.047,0.244,Asia,2019,115
Sri Lanka,130,4.33,0.9,1.19,0.79,0.53,0.05,0.25,Asia,2020,118
Sri Lanka,129,4.325,0.99,0.82,0.593,0.559,0.049,0.239,Asia,2021,118
Sri Lanka,127,4.362,1.415,0.934,0.66,0.529,0.079,0.15,Asia,2022,115
Sri Lanka,112,4.442,1.422,1.224,0.426,0.539,0.086,0.12,Asia,2023,109
Sri Lanka,128,3.898,1.361,1.179,0.586,0.583,0.031,0.144,Asia,2024,121
Sweden,8,7.364,1.33171,1.28907,0.91087,0.6598,0.389,0.36262,Europe,2015,8
Sweden,10,7.291,1.45181,1.08764,0.83121,0.58218,0.389,0.38254,Europe,2016,10
Sweden,9,7.284,1.49439,1.47816,0.83088,0.61292,0.3844,0.3854,Europe,2017,9
Sweden,9,7.314,1.355,1.501,0.913,0.659,0.383,0.285,Europe,2018,9
Sweden,7,7.343,1.387,1.487,1.009,0.574,0.373,0.267,Europe,2019,7
Sweden,7,7.35,1.32,1.43,0.99,0.65,0.389,0.27,Europe,2020,7
Sweden,7,7.363,1.478,1.062,0.763,0.685,0.389,0.244,Europe,2021,7
Sweden,7,7.384,1.92,1.204,0.803,0.717,0.389,0.218,Europe,2022,7
Sweden,6,7.395,1.921,1.51,0.562,0.717,0.389,0.225,Europe,2023,6
Sweden,4,7.344,1.878,1.501,0.724,0.717,0.389,0.221,Europe,2024,4
Switzerland,1,7.587,1.39651,1.34951,0.94143,0.66557,0.389,0.29678,Europe,2015,1
Switzerland,2,7.509,1.52733,1.14524,0.86303,0.58557,0.389,0.28083,Europe,2016,2
Switzerland,4,7.494,1.56498,1.515,0.85813,0.62007,0.36701,0.29055,Europe,2017,4
Switzerland,5,7.487,1.42,1.515,0.927,0.66,0.357,0.256,Europe,2018,5
Switzerland,6,7.48,1.452,1.515,1.052,0.572,0.343,0.263,Europe,2019,6
Switzerland,3,7.56,1.39,1.47,1.04,0.63,0.389,0.27,Europe,2020,3
Switzerland,3,7.571,1.566,1.079,0.816,0.653,0.389,0.204,Europe,2021,3
Switzerland,4,7.512,2.026,1.226,0.822,0.677,0.389,0.147,Europe,2022,4
Switzerland,8,7.24,2.022,1.463,0.582,0.678,0.389,0.151,Europe,2023,8
Switzerland,9,7.06,1.97,1.425,0.747,0.717,0.389,0.173,Europe,2024,9
Taiwan,38,6.298,1.29098,1.07617,0.8753,0.3974,0.08129,0.25376,Asia,2015,36
Taiwan,34,6.379,1.39729,0.92624,0.79565,0.32377,0.0663,0.25495,Asia,2016,33
Taiwan,33,6.422,1.43363,1.38457,0.79398,0.36147,0.06383,0.25836,Asia,2017,33
Taiwan,26,6.441,1.365,1.436,0.857,0.418,0.078,0.151,Asia,2018,26
Taiwan,25,6.446,1.368,1.43,0.914,0.351,0.097,0.242,Asia,2019,25
Taiwan,25,6.46,1.33,1.36,0.88,0.45,0.13,0.15,Asia,2020,25
Taiwan,24,6.584,1.48,0.982,0.665,0.49,0.139,0.142,Asia,2021,24
Taiwan,26,6.512,1.897,1.095,0.733,0.542,0.168,0.075,Asia,2022,26
Taiwan,27,6.535,1.89,1.372,0.492,0.562,0.178,0.067,Asia,2023,27
Taiwan,31,6.503,1.842,1.346,0.65,0.649,0.202,0.068,Asia,2024,30
Tajikistan,106,4.786,0.39047,0.85563,0.57379,0.47216,0.15072,0.22974,Asia,2015,90
Tajikistan,100,4.996,0.48835,0.75602,0.53119,0.43408,0.13509,0.25998,Asia,2016,86
Tajikistan,96,5.041,0.52471,1.27146,0.52924,0.47157,0.14638,0.249,Asia,2017,86
Tajikistan,88,5.199,0.474,1.166,0.598,0.292,0.034,0.187,Asia,2018,79
Tajikistan,74,5.467,0.493,1.098,0.718,0.389,0.144,0.23,Asia,2019,69
Tajikistan,71,5.56,0.47,1.22,0.68,0.52,0.22,0.18,Asia,2020,69
Tajikistan,78,5.466,0.508,0.895,0.498,0.548,0.247,0.152,Asia,2021,75
Tajikistan,83,5.377,0.966,1.005,0.518,0.572,0.304,0.118,Asia,2022,79
Tajikistan,80,5.33,0.972,1.248,0.291,0.599,0.292,0.104,Asia,2023,80
Tajikistan,88,5.281,0.972,1.248,0.291,0.599,0.292,0.104,Asia,2024,86
Tanzania,146,3.781,0.2852,1.00268,0.38215,0.32878,0.05747,0.34377,Africa,2015,123
Tanzania,149,3.666,0.47155,0.77623,0.357,0.3176,0.05099,0.31472,Africa,2016,126
Tanzania,153,3.349,0.51114,1.04199,0.36451,0.39002,0.06604,0.35426,Africa,2017,131
Tanzania,153,3.303,0.455,0.991,0.381,0.481,0.097,0.27,Africa,2018,131
Tanzania,153,3.231,0.476,0.885,0.499,0.417,0.147,0.276,Africa,2019,130
Tanzania,148,3.48,0.46,0.87,0.44,0.51,0.2,0.27,Africa,2020,128
Tanzania,142,3.623,0.433,0.54,0.3,0.549,0.231,0.307,Africa,2021,127
Tanzania,139,3.702,0.848,0.597,0.425,0.578,0.27,0.248,Africa,2022,126
Tanzania,129,3.694,0.836,0.787,0.214,0.607,0.269,0.234,Africa,2023,125
Tanzania,131,3.781,0.82,0.706,0.38,0.709,0.257,0.191,Africa,2024,124
Thailand,34,6.455,0.9669,1.26504,0.7385,0.55664,0.03187,0.39,Asia,2015,32
Thailand,33,6.474,1.0893,1.04477,0.64915,0.49553,0.02833,0.39,Asia,2016,32
Thailand,32,6.424,1.12787,1.42579,0.64724,0.5802,0.03161,0.39,Asia,2017,32
Thailand,46,6.072,1.016,1.417,0.707,0.637,0.029,0.364,Asia,2018,43
Thailand,52,6.008,1.05,1.409,0.828,0.557,0.028,0.359,Asia,2019,49
Thailand,54,6.0,1.01,1.35,0.79,0.61,0.03,0.38,Asia,2020,51
Thailand,54,5.985,1.107,0.957,0.596,0.611,0.028,0.375,Asia,2021,53
Thailand,61,5.891,1.535,1.096,0.697,0.617,0.026,0.321,Asia,2022,60
Thailand,60,5.843,1.515,1.344,0.461,0.624,0.016,0.291,Asia,2023,60
Thailand,58,5.976,1.484,1.347,0.62,0.717,0.024,0.283,Asia,2024,57
Togo,158,2.839,0.20868,0.483,0.28443,0.36453,0.10731,0.16681,Africa,2015,131
Togo,155,3.303,0.28123,0.483,0.24811,0.34678,0.11587,0.17517,Africa,2016,131
Togo,150,3.495,0.30544,0.483,0.24711,0.38043,0.09567,0.1969,Africa,2017,130
Togo,139,3.999,0.259,0.483,0.253,0.434,0.101,0.158,Africa,2018,123
Togo,139,4.085,0.275,0.572,0.41,0.293,0.085,0.177,Africa,2019,123
Togo,135,4.19,0.27,0.55,0.34,0.3,0.11,0.2,Africa,2020,120
Togo,136,4.107,0.254,0.483,0.203,0.289,0.107,0.209,Africa,2021,123
Togo,135,4.112,0.771,0.483,0.36,0.292,0.132,0.174,Africa,2022,122
Togo,122,4.137,0.77,0.642,0.161,0.367,0.136,0.149,Africa,2023,118
Togo,124,4.214,0.758,0.586,0.32,0.453,0.156,0.127,Africa,2024,117
Tunisia,107,4.739,0.88113,0.60429,0.73793,0.26268,0.06358,0.06431,Africa,2015,91
Tunisia,98,5.045,0.97724,0.483,0.59577,0.23553,0.0817,0.044,Africa,2016,84
Tunisia,102,4.805,1.00727,0.86835,0.61321,0.28968,0.08672,0.04969,Africa,2017,91
Tunisia,111,4.592,0.9,0.906,0.69,0.271,0.063,0.044,Africa,2018,99
Tunisia,124,4.461,0.921,1.0,0.815,0.19,0.055,0.059,Africa,2019,110
Tunisia,128,4.39,0.87,0.87,0.78,0.24,0.04,0.06,Africa,2020,116
Tunisia,122,4.596,0.919,0.515,0.59,0.334,0.044,0.057,Africa,2021,112
Tunisia,120,4.516,1.35,0.596,0.656,0.316,0.029,0.044,Africa,2022,110
Tunisia,110,4.497,1.333,0.981,0.422,0.259,0.016,0.044,Africa,2023,107
Tunisia,115,4.422,1.306,0.955,0.579,0.254,0.018,0.044,Africa,2024,108
Turkiye,76,5.332,1.06098,0.94632,0.73172,0.22815,0.15746,0.12253,Asia,2015,67
Turkiye,78,5.389,1.16492,0.87717,0.64718,0.23889,0.12348,0.04707,Asia,2016,67
Turkiye,69,5.5,1.19827,1.33775,0.63761,0.30074,0.09967,0.04669,Asia,2017,61
Turkiye,74,5.483,1.148,1.38,0.686,0.324,0.109,0.106,Asia,2018,66
Turkiye,79,5.373,1.183,1.36,0.808,0.195,0.106,0.083,Asia,2019,74
Turkiye,93,5.13,1.13,1.2,0.78,0.25,0.12,0.09,Asia,2020,86
Turkiye,104,4.948,1.26,0.809,0.59,0.236,0.104,0.097,Asia,2021,95
Turkiye,112,4.744,1.707,0.865,0.702,0.209,0.115,0.087,Asia,2022,103
Turkiye,106,4.614,1.714,1.148,0.467,0.19,0.096,0.095,Asia,2023,103
Turkiye,98,4.975,1.702,1.175,0.631,0.202,0.115,0.068,Asia,2024,94
Uganda,141,3.931,0.21102,1.13299,0.33861,0.45727,0.07267,0.29066,Africa,2015,118
Uganda,145,3.739,0.34719,0.90981,0.19625,0.43653,0.06442,0.27102,Africa,2016,123
Uganda,133,4.081,0.38143,1.12983,0.21763,0.44319,0.05707,0.32577,Africa,2017,118
Uganda,135,4.161,0.322,1.09,0.237,0.45,0.061,0.259,Africa,2018,120
Uganda,136,4.189,0.332,1.069,0.443,0.356,0.06,0.252,Africa,2019,120
Uganda,126,4.43,0.31,1.05,0.38,0.4,0.06,0.26,Africa,2020,114
Uganda,119,4.636,0.364,0.718,0.24,0.398,0.054,0.267,Africa,2021,109
Uganda,117,4.603,0.777,0.875,0.418,0.402,0.066,0.222,Africa,2022,107
Uganda,113,4.432,0.785,1.144,0.201,0.425,0.051,0.197,Africa,2023,110
Uganda,117,4.372,0.772,1.151,0.373,0.587,0.054,0.178,Africa,2024,110
Ukraine,111,4.681,0.79907,1.20278,0.6739,0.25123,0.02961,0.15275,Europe,2015,95
Ukraine,123,4.324,0.87287,1.01413,0.58628,0.19,0.01829,0.20363,Europe,2016,107
Ukraine,132,4.096,0.89465,1.39454,0.5759,0.19,0.02303,0.27006,Europe,2017,117
Ukraine,138,4.103,0.793,1.413,0.609,0.19,0.016,0.187,Europe,2018,122
Ukraine,133,4.332,0.82,1.39,0.739,0.19,0.016,0.187,Europe,2019,118
Ukraine,123,4.56,0.78,1.32,0.7,0.32,0.016,0.18,Europe,2020,111
Ukraine,110,4.875,0.979,0.958,0.517,0.417,0.016,0.181,Europe,2021,101
Ukraine,98,5.084,1.411,1.081,0.583,0.473,0.017,0.188,Europe,2022,90
Ukraine,92,5.071,1.358,1.354,0.355,0.551,0.016,0.265,Europe,2023,91
Ukraine,105,4.873,1.35,1.315,0.513,0.631,0.025,0.285,Europe,2024,100
United Arab Emirates,20,6.901,1.42727,1.12575,0.80925,0.64157,0.38583,0.26428,Asia,2015,20
United Arab Emirates,28,6.573,1.57352,0.87114,0.72993,0.56215,0.35561,0.26591,Asia,2016,27
United Arab Emirates,21,6.648,1.62634,1.26641,0.7268,0.60835,0.32449,0.36094,Asia,2017,21
United Arab Emirates,20,6.774,2.096,0.776,0.67,0.284,0.32449,0.186,Asia,2018,20
United Arab Emirates,21,6.825,1.503,1.31,0.825,0.598,0.182,0.262,Asia,2019,21
United Arab Emirates,21,6.79,1.43,1.25,0.79,0.65,0.22,0.28,Asia,2020,21
United Arab Emirates,25,6.561,1.555,0.86,0.594,0.67,0.223,0.236,Asia,2021,25
United Arab Emirates,24,6.576,1.998,0.98,0.633,0.702,0.25,0.204,Asia,2022,24
United Arab Emirates,26,6.571,2.015,1.223,0.401,0.717,0.247,0.188,Asia,2023,26
United Arab Emirates,22,6.733,1.983,1.164,0.563,0.717,0.258,0.209,Asia,2024,21
United Kingdom,21,6.867,1.26637,1.28548,0.90943,0.59625,0.32067,0.39,Europe,2015,21
United Kingdom,23,6.725,1.40283,1.08672,0.80991,0.50036,0.27399,0.39,Europe,2016,22
United Kingdom,19,6.714,1.44163,1.49646,0.80534,0.50819,0.26543,0.39,Europe,2017,19
United Kingdom,11,7.19,1.244,1.433,0.888,0.464,0.082,0.262,Europe,2018,11
United Kingdom,15,7.054,1.333,1.515,0.996,0.45,0.278,0.348,Europe,2019,15
United Kingdom,13,7.16,1.27,1.46,0.98,0.53,0.32,0.37,Europe,2020,13
United Kingdom,17,7.064,1.423,1.062,0.757,0.58,0.306,0.34,Europe,2021,17
United Kingdom,17,6.943,1.867,1.143,0.75,0.597,0.329,0.289,Europe,2022,17
United Kingdom,19,6.796,1.857,1.366,0.511,0.626,0.34,0.272,Europe,2023,19
United Kingdom,20,6.749,1.822,1.326,0.672,0.713,0.351,0.267,Europe,2024,19
United States,15,7.119,1.39451,1.24711,0.86179,0.54604,0.1589,0.39,North America,2015,15
United States,13,7.104,1.50796,1.04782,0.779,0.48163,0.14868,0.39,North America,2016,13
United States,14,6.993,1.54626,1.41992,0.77429,0.50574,0.13564,0.39,North America,2017,14
United States,18,6.886,1.398,1.471,0.819,0.547,0.133,0.291,North America,2018,18
United States,19,6.892,1.433,1.457,0.874,0.454,0.128,0.28,North America,2019,19
United States,18,6.94,1.37,1.4,0.83,0.53,0.15,0.3,North America,2020,18
United States,19,6.951,1.533,1.03,0.621,0.554,0.154,0.252,North America,2021,19
United States,16,6.977,1.982,1.182,0.628,0.574,0.177,0.22,North America,2022,16
United States,15,6.894,1.98,1.46,0.39,0.557,0.172,0.21,North America,2023,15
United States,23,6.725,1.939,1.392,0.542,0.586,0.169,0.223,North America,2024,22
Uruguay,32,6.485,1.06166,1.2089,0.8116,0.60362,0.24558,0.2324,South America,2015,30
Uruguay,29,6.545,1.18157,1.03143,0.72183,0.54388,0.21394,0.18056,South America,2016,28
Uruguay,28,6.454,1.21756,1.41223,0.71922,0.57939,0.17806,0.1751,South America,2017,28
Uruguay,31,6.379,1.093,1.459,0.771,0.625,0.155,0.13,South America,2018,31
Uruguay,33,6.293,1.124,1.465,0.891,0.523,0.15,0.127,South America,2019,32
Uruguay,26,6.44,1.07,1.43,0.86,0.59,0.19,0.13,South America,2020,26
Uruguay,31,6.431,1.164,1.042,0.649,0.625,0.223,0.128,South America,2021,31
Uruguay,30,6.474,1.615,1.18,0.672,0.665,0.265,0.103,South America,2022,30
Uruguay,28,6.494,1.617,1.445,0.435,0.683,0.254,0.102,South America,2023,28
Uruguay,26,6.611,1.596,1.431,0.592,0.717,0.22,0.106,South America,2024,25
Uzbekistan,44,6.003,0.63244,1.34043,0.59772,0.65821,0.30826,0.22837,Asia,2015,39
Uzbekistan,49,5.987,0.73591,1.1681,0.50163,0.60848,0.28333,0.34326,Asia,2016,44
Uzbekistan,47,5.971,0.78644,1.515,0.49827,0.65825,0.24653,0.39,Asia,2017,44
Uzbekistan,44,6.096,0.719,1.515,0.605,0.717,0.259,0.328,Asia,2018,42
Uzbekistan,41,6.174,0.745,1.515,0.756,0.631,0.24,0.322,Asia,2019,39
Uzbekistan,38,6.26,0.7,1.43,0.72,0.69,0.28,0.36,Asia,2020,38
Uzbekistan,42,6.179,0.769,1.027,0.528,0.716,0.271,0.39,Asia,2021,42
Uzbekistan,53,6.063,1.219,1.092,0.6,0.716,0.24,0.283,Asia,2022,52
Uzbekistan,54,6.014,1.227,1.347,0.375,0.717,0.208,0.26,Asia,2023,54
Uzbekistan,47,6.195,1.212,1.394,0.539,0.717,0.215,0.251,Asia,2024,46
Venezuela,23,6.81,1.04424,1.25596,0.72052,0.42908,0.11069,0.05841,South America,2015,22
Venezuela,44,6.084,1.13367,1.03302,0.61904,0.19847,0.08304,0.044,South America,2016,39
Venezuela,82,5.25,1.12843,1.43134,0.61714,0.19,0.06449,0.06502,South America,2017,74
Venezuela,102,4.806,0.996,1.469,0.657,0.19,0.052,0.056,South America,2018,91
Venezuela,108,4.707,0.96,1.427,0.805,0.19,0.047,0.064,South America,2019,98
Venezuela,99,5.05,0.77,1.35,0.77,0.27,0.06,0.09,South America,2020,91
Venezuela,107,4.892,0.852,0.897,0.574,0.284,0.072,0.078,South America,2021,98
Venezuela,108,4.925,0.0,0.968,0.578,0.283,0.082,0.225,South America,2022,99
Venezuela,88,5.211,0.0,1.257,0.341,0.369,0.084,0.205,South America,2023,88
Venezuela,79,5.607,0.0,1.321,0.491,0.518,0.086,0.192,South America,2024,77
Vietnam,75,5.36,0.63216,0.91226,0.74676,0.59444,0.10441,0.1686,Asia,2015,66
Vietnam,96,5.061,0.74037,0.79117,0.66157,0.55954,0.11556,0.25075,Asia,2016,83
Vietnam,94,5.074,0.78855,1.27749,0.65217,0.57106,0.08763,0.23497,Asia,2017,84
Vietnam,95,5.103,0.715,1.365,0.702,0.618,0.079,0.177,Asia,2018,86
Vietnam,94,5.175,0.741,1.346,0.851,0.543,0.073,0.147,Asia,2019,86
Vietnam,83,5.35,0.72,1.25,0.82,0.65,0.09,0.14,Asia,2020,78
Vietnam,79,5.411,0.817,0.873,0.616,0.679,0.091,0.124,Asia,2021,76
Vietnam,77,5.485,1.252,0.932,0.611,0.707,0.105,0.143,Asia,2022,75
Vietnam,65,5.763,1.349,1.212,0.381,0.717,0.122,0.134,Asia,2023,65
Vietnam,54,6.043,1.331,1.267,0.539,0.717,0.16,0.094,Asia,2024,53
Zambia,85,5.129,0.47038,0.91612,0.29924,0.48827,0.12468,0.19591,Africa,2015,74
Zambia,106,4.795,0.61202,0.6376,0.23573,0.42662,0.11479,0.17866,Africa,2016,91
Zambia,116,4.514,0.63641,1.00319,0.25784,0.4616,0.07821,0.24958,Africa,2017,103
Zambia,125,4.377,0.562,1.047,0.295,0.503,0.082,0.221,Africa,2018,111
Zambia,138,4.107,0.578,1.058,0.426,0.431,0.087,0.247,Africa,2019,122
Zambia,141,3.76,0.54,0.9,0.36,0.49,0.09,0.25,Africa,2020,125
Zambia,137,4.073,0.528,0.552,0.231,0.487,0.074,0.227,Africa,2021,124
Zambia,137,3.76,0.93,0.577,0.306,0.525,0.083,0.203,Africa,2022,124
Zambia,128,3.982,0.914,0.89,0.095,0.545,0.08,0.189,Africa,2023,124
Zambia,134,3.502,0.899,0.809,0.264,0.717,0.109,0.168,Africa,2024,125
Zimbabwe,115,4.61,0.271,1.03276,0.33475,0.25861,0.08079,0.18987,Africa,2015,99
Zimbabwe,131,4.193,0.35041,0.71478,0.1595,0.25429,0.08582,0.18503,Africa,2016,114
Zimbabwe,138,3.875,0.37585,1.0831,0.19676,0.33638,0.09538,0.18914,Africa,2017,123
Zimbabwe,144,3.692,0.357,1.094,0.248,0.406,0.099,0.132,Africa,2018,126
Zimbabwe,146,3.663,0.366,1.114,0.433,0.361,0.089,0.151,Africa,2019,127
Zimbabwe,151,3.3,0.43,1.05,0.38,0.38,0.08,0.15,Africa,2020,130
Zimbabwe,148,3.145,0.457,0.649,0.243,0.359,0.075,0.157,Africa,2021,130
Zimbabwe,144,2.995,0.947,0.69,0.27,0.329,0.105,0.106,Africa,2022,129
Zimbabwe,134,3.204,0.758,0.881,0.069,0.363,0.117,0.112,Africa,2023,128
Zimbabwe,138,3.341,0.748,0.85,0.232,0.487,0.131,0.096,Africa,2024,128
